case,comment,likes_raw,likes,date_iso,hash_id,comment_norm,comment_length,emojis_list,hashtags_list,days_old,language,is_brazilian,comment_anon,theme_C1,theme_C2,theme_C3,theme_C4,theme_C5,theme_NA,theme_conf,character,char_conf,tone,tone_conf,needs_human_review,coder_agreement,reviewer_used,kappa_reviewer_a,kappa_reviewer_b,rule_id,theme_C1_a,theme_C2_a,theme_C3_a,theme_C4_a,theme_C5_a,theme_NA_a,theme_C1_b,theme_C2_b,theme_C3_b,theme_C4_b,theme_C5_b,theme_NA_b,classification_source,human_reviewed
Bruno_Mars,@bruninhoedobrasil #rumoaos200M,2 Me gusta,2,2025-12-11 16:06:49+00:00,BRUNO_MARS_2819,@bruninhoedobrasil #rumoaos200m,31,[],['#rumoaos200M'],399,pt,True,@user #rumoaos200M,False,False,False,False,True,False,0.92,Afetivo,0.9,Positivo,0.88,False,True,False,,,rumoaos200m_shell,,,,,,,,,,,,,rule,False
Bruno_Mars,🔥🇧🇷💚,0,0,2026-02-04 01:52:39+00:00,BRUNO_MARS_6923,🔥🇧🇷💚,4,"['🔥', '💚', '🇧🇷']",[],454,,True,🔥🇧🇷💚,False,False,False,True,True,False,0.84,Afetivo,0.88,Positivo,0.86,False,True,False,,,flag_mixed_foreign,,,,,,,,,,,,,rule,False
Bruno_Mars,"Amamos você, Bruninho.💚💛🇧🇷🇧🇷🇧🇷❤️😍",2 Me gusta,2,2026-01-26 18:28:13+00:00,BRUNO_MARS_5994,"amamos você, bruninho.💚💛🇧🇷🇧🇷🇧🇷❤️😍",33,"['😍', '🇧🇷', '💛', '❤️', '💚']",[],445,pt,True,"Amamos você, Bruninho.💚💛🇧🇷🇧🇷🇧🇷❤️😍",False,False,False,True,True,False,0.92,Afetivo,0.95,Positivo,0.92,False,True,False,,,,False,False,False,True,True,False,False,False,False,True,True,False,llm_agreed,False
Bruno_Mars,😂,1 Me gusta,1,2025-12-21 12:27:30+00:00,BRUNO_MARS_3246,😂,1,['😂'],[],409,,False,😂,False,False,False,True,False,False,0.84,Afetivo,0.88,Positivo,0.86,False,True,False,,,affect_combo_foreign,,,,,,,,,,,,,rule,False
Bruno_Mars,💛🇧🇷💚,0,0,2026-02-05 22:31:16+00:00,BRUNO_MARS_7082,💛🇧🇷💚,4,"['🇧🇷', '💚', '💛']",[],455,,True,💛🇧🇷💚,False,False,False,True,True,False,0.84,Afetivo,0.88,Positivo,0.86,False,True,False,,,flag_mixed_foreign,,,,,,,,,,,,,rule,False
Bruno_Mars,😍🇧🇷🔥,0,0,2025-10-16 23:18:40+00:00,BRUNO_MARS_0555,😍🇧🇷🔥,4,"['😍', '🇧🇷', '🔥']",[],343,,True,😍🇧🇷🔥,False,False,False,True,True,False,0.84,Afetivo,0.88,Positivo,0.86,False,True,False,,,flag_mixed_foreign,,,,,,,,,,,,,rule,False
Bruno_Mars,💛🇧🇷❤️,2 Me gusta,2,2025-12-09 23:06:19+00:00,BRUNO_MARS_2647,💛🇧🇷❤️,5,"['🇧🇷', '❤️', '💛']",[],397,,True,💛🇧🇷❤️,False,False,False,True,True,False,0.84,Afetivo,0.88,Positivo,0.86,False,True,False,,,flag_mixed_foreign,,,,,,,,,,,,,rule,False
Bruno_Mars,🇧🇷🇧🇷🇧🇷🇧🇷,1 Me gusta,1,2026-01-09 13:23:18+00:00,BRUNO_MARS_4241,🇧🇷🇧🇷🇧🇷🇧🇷,8,['🇧🇷'],[],428,,True,🇧🇷🇧🇷🇧🇷🇧🇷,False,False,False,False,True,False,0.84,Afetivo,0.86,Positivo,0.84,False,True,False,,,flag_only_foreign_thread,,,,,,,,,,,,,rule,False
Bruno_Mars,🇧🇷🔥🇧🇷🔥🇧🇷🔥 🇧🇷,1 Me gusta,1,2026-02-03 19:18:53+00:00,BRUNO_MARS_6848,🇧🇷🔥🇧🇷🔥🇧🇷🔥 🇧🇷,12,"['🇧🇷', '🔥']",[],453,,True,🇧🇷🔥🇧🇷🔥🇧🇷🔥 🇧🇷,False,False,False,True,True,False,0.84,Afetivo,0.88,Positivo,0.86,False,True,False,,,flag_mixed_foreign,,,,,,,,,,,,,rule,False
Bruno_Mars,"Até que enfim os 2 milhões vieram, agora faltar bater 1k de comentários 💛💚",1 Me gusta,1,2026-01-28 01:10:12+00:00,BRUNO_MARS_6144,"até que enfim os 2 milhões vieram, agora faltar bater 1k de comentários 💛💚",74,"['💚', '💛']",[],447,pt,True,"Até que enfim os 2 milhões vieram, agora faltar bater 1k de comentários 💛💚",False,False,False,True,False,False,0.9,Afetivo,0.9,Positivo,0.95,False,False,True,1.0,0.5454545454545454,,False,False,False,True,False,False,False,False,False,True,True,False,llm_reviewer,False
Bruno_Mars,@bruninhoedobrasil #rumoaos200m,3 Me gusta,3,2025-12-11 20:24:14+00:00,BRUNO_MARS_2883,@bruninhoedobrasil #rumoaos200m,31,[],['#rumoaos200m'],399,pt,True,@user #rumoaos200m,False,False,False,False,True,False,0.92,Afetivo,0.9,Positivo,0.88,False,True,False,,,rumoaos200m_shell,,,,,,,,,,,,,rule,False
Bruno_Mars,🇧🇷,1 Me gusta,1,2026-01-26 14:55:41+00:00,BRUNO_MARS_5845,🇧🇷,2,['🇧🇷'],[],445,,True,🇧🇷,False,False,False,False,True,False,0.84,Afetivo,0.86,Positivo,0.84,False,True,False,,,flag_only_foreign_thread,,,,,,,,,,,,,rule,False
Bruno_Mars,📍🇧🇷❤️,0,0,2025-11-22 20:00:00+00:00,BRUNO_MARS_1678,📍🇧🇷❤️,5,"['🇧🇷', '📍', '❤️']",[],380,,True,📍🇧🇷❤️,False,False,False,False,True,False,0.86,Afetivo,0.88,Positivo,0.86,False,True,False,,,flag_location,,,,,,,,,,,,,rule,False
Bruno_Mars,🔥🇧🇷❤️,0,0,2026-01-08 16:02:30+00:00,BRUNO_MARS_4042,🔥🇧🇷❤️,5,"['🔥', '❤️', '🇧🇷']",[],427,,True,🔥🇧🇷❤️,False,False,False,True,True,False,0.84,Afetivo,0.88,Positivo,0.86,False,True,False,,,flag_mixed_foreign,,,,,,,,,,,,,rule,False
Bruno_Mars,💚🇧🇷📍,0,0,2026-01-20 02:17:22+00:00,BRUNO_MARS_5112,💚🇧🇷📍,4,"['🇧🇷', '💚', '📍']",[],439,,True,💚🇧🇷📍,False,False,False,False,True,False,0.86,Afetivo,0.88,Positivo,0.86,False,True,False,,,flag_location,,,,,,,,,,,,,rule,False
Bruno_Mars,Bruninho 😍,1 Me gusta,1,2026-02-05 14:28:51+00:00,BRUNO_MARS_7029,bruninho 😍,10,['😍'],[],455,pt,True,Bruninho 😍,False,False,False,True,False,False,0.93,Afetivo,0.95,Positivo,0.95,False,False,True,1.0,0.5454545454545454,,False,False,False,True,False,False,False,False,False,True,True,False,llm_reviewer,False
Bruno_Mars,🇧🇷🔥🇧🇷,1 Me gusta,1,2025-11-17 15:04:17+00:00,BRUNO_MARS_1384,🇧🇷🔥🇧🇷,5,"['🇧🇷', '🔥']",[],375,,True,🇧🇷🔥🇧🇷,False,False,False,True,True,False,0.84,Afetivo,0.88,Positivo,0.86,False,True,False,,,flag_mixed_foreign,,,,,,,,,,,,,rule,False
Bruno_Mars,"FAZ BARULHO, GALERA!!!! UHUUUUUU 🥳🥳🥳🥳🥳🥳🥳🥳🥳🎊🎊🎊🎊🎊🎊🎊",2 Me gusta,2,2026-01-26 11:58:50+00:00,BRUNO_MARS_5813,"faz barulho, galera!!!! uhuuuuuu 🥳🥳🥳🥳🥳🥳🥳🥳🥳🎊🎊🎊🎊🎊🎊🎊",49,"['🥳', '🎊']",[],445,so,False,"FAZ BARULHO, GALERA!!!! UHUUUUUU 🥳🥳🥳🥳🥳🥳🥳🥳🥳🎊🎊🎊🎊🎊🎊🎊",False,False,False,False,True,False,0.8,Afetivo,0.85,Positivo,0.85,False,True,False,,,,False,False,False,False,True,False,False,False,False,False,True,False,llm_agreed,False
Bruno_Mars,🇧🇷🇧🇷🇧🇷🇧🇷🇧🇷,4 Me gusta,4,2026-01-25 21:56:22+00:00,BRUNO_MARS_5703,🇧🇷🇧🇷🇧🇷🇧🇷🇧🇷,10,['🇧🇷'],[],444,,True,🇧🇷🇧🇷🇧🇷🇧🇷🇧🇷,False,False,False,False,True,False,0.84,Afetivo,0.86,Positivo,0.84,False,True,False,,,flag_only_foreign_thread,,,,,,,,,,,,,rule,False
Bruno_Mars,💛,1 Me gusta,1,2026-01-30 01:56:36+00:00,BRUNO_MARS_6415,💛,1,['💛'],[],449,,False,💛,False,False,False,True,False,False,0.83,Afetivo,0.86,Positivo,0.84,False,True,False,,,national_colors_foreign,,,,,,,,,,,,,rule,False
CR7,😍😍😍😍,1 Me gusta,1,2025-08-17 12:23:39+00:00,CR7_2477,😍😍😍😍,4,['😍'],[],962,,False,😍😍😍😍,False,False,False,True,False,False,0.84,Afetivo,0.88,Positivo,0.86,False,True,False,,,affect_combo_foreign,,,,,,,,,,,,,rule,False
CR7,Duas lendas!👏👏,0,0,2023-01-04 19:13:24+00:00,CR7_0890,duas lendas!👏👏,14,['👏'],[],6,pt,True,Duas lendas!👏👏,True,False,False,True,False,False,0.9,Afetivo,0.95,Positivo,0.95,True,False,True,0.5454545454545454,0.16666666666666663,,True,False,False,False,False,False,True,False,False,False,True,False,llm_reviewer,False
CR7,❤️,0,0,2023-01-07 16:59:53+00:00,CR7_1178,❤️,2,['❤️'],[],9,,False,❤️,False,False,False,True,False,False,0.84,Afetivo,0.88,Positivo,0.86,False,True,False,,,affect_heart_foreign,,,,,,,,,,,,,rule,False
CR7,🕊✨,0,0,2023-01-03 05:47:15+00:00,CR7_0486,🕊✨,2,"['✨', '🕊']",[],5,,False,🕊✨,True,False,False,True,False,False,0.9,Afetivo,0.88,Positivo,0.9,False,False,True,0.5454545454545454,1.0,,True,False,False,False,False,False,True,False,False,True,False,False,llm_reviewer,False
CR7,😢,0,0,2023-01-03 17:08:50+00:00,CR7_0648,😢,1,['😢'],[],5,,False,😢,False,False,False,True,False,False,0.84,Afetivo,0.88,Positivo,0.86,False,True,False,,,affect_combo_foreign,,,,,,,,,,,,,rule,False
CR7,😢😍😮😂🔥🙌,0,0,2023-02-04 01:29:07+00:00,CR7_1674,😢😍😮😂🔥🙌,6,"['😍', '🙌', '🔥', '😢', '😂', '😮']",[],37,,False,😢😍😮😂🔥🙌,True,False,False,True,False,False,0.88,Afetivo,0.9,Positivo,0.8,False,False,True,0.5454545454545454,1.0,,True,False,False,False,False,False,True,False,False,True,False,False,llm_reviewer,False
CR7,😭😭😭😭,0,0,2023-01-03 14:17:07+00:00,CR7_0597,😭😭😭😭,4,['😭'],[],5,,False,😭😭😭😭,False,False,False,True,False,False,0.84,Afetivo,0.88,Positivo,0.86,False,True,False,,,affect_combo_foreign,,,,,,,,,,,,,rule,False
CR7,🙏🇧🇷❤️,0,0,2023-01-02 13:42:45+00:00,CR7_0179,🙏🇧🇷❤️,5,"['🙏', '🇧🇷', '❤️']",[],4,,True,🙏🇧🇷❤️,False,False,False,True,True,False,0.84,Afetivo,0.88,Positivo,0.86,False,True,False,,,flag_mixed_foreign,,,,,,,,,,,,,rule,False
CR7,😢😢,0,0,2023-01-27 03:35:54+00:00,CR7_1624,😢😢,2,['😢'],[],29,,False,😢😢,False,False,False,True,False,False,0.84,Afetivo,0.88,Positivo,0.86,False,True,False,,,affect_combo_foreign,,,,,,,,,,,,,rule,False
CR7,👏👏👏👏👏🙏🏻🙏🏻🙏🏻,0,0,2023-01-08 00:03:57+00:00,CR7_1214,👏👏👏👏👏🙏🏻🙏🏻🙏🏻,11,"['🙏🏻', '👏']",[],10,,False,👏👏👏👏👏🙏🏻🙏🏻🙏🏻,True,False,False,True,False,False,0.92,Afetivo,0.92,Positivo,0.92,False,False,True,1.0,0.5454545454545454,,True,False,False,True,False,False,True,False,False,False,False,False,llm_reviewer,False
CR7,❤️,0,0,2023-01-06 23:06:49+00:00,CR7_1126,❤️,2,['❤️'],[],8,,False,❤️,False,False,False,True,False,False,0.84,Afetivo,0.88,Positivo,0.86,False,True,False,,,affect_heart_foreign,,,,,,,,,,,,,rule,False
CR7,Mandonna,0,0,2023-02-26 19:17:20+00:00,CR7_1799,mandonna,8,[],[],59,,True,Mandonna,True,False,False,False,False,False,0.68,Cognitivo,0.6,Neutro,0.6,False,False,True,1.0,0.0,,True,False,False,False,False,False,False,False,False,False,False,True,llm_reviewer,False
CR7,⠛⠛⣿⣿⣿⣿⣿⡷⢶⣦⣶⣶⣤⣤⣤⣀⠀⠀⠀ ⠀⠀⠀⣿⣿⣿⣿⣿⣿⣿⣿⣿⣿⣿⣿⣿⣿⣷⡀⠀ ⠀⠀⠀⠉⠉⠉⠙⠻⣿⣿⠿⠿⠛⠛⠛⠻⣿⣿⣇⠀ ⠀⠀⢤⣀⣀⣀⠀⠀⢸⣷⡄⠀⣁⣀⣤⣴⣿⣿⣿⣆ ⠀⠀⠀⠀⠹⠏⠀⠀⠀⣿⣧⠀⠹⣿⣿⣿⣿⣿⡿⣿ ⠀⠀⠀⠀⠀⠀⠀⠀⠀⠛⠿⠇⢀⣼⣿⣿⠛⢯⡿⡟ ⠀⠀⠀⠀⠀⠀⠀⠀⠀⠀⠦⠴⢿⢿⣿⡿⠷⠀⣿⠀ ⠀⠀⠀⠀⠀⠀⠀⠙⣷⣶⣶⣤⣤⣤⣤⣤⣶⣦⠃⠀ ⠀⠀⠀⠀⠀⠀⠀⢐⣿⣾⣿⣿⣿⣿⣿⣿⣿⣿⠀⠀ ⠀⠀⠀⠀⠀⠀⠀⠈⣿⣿⣿⣿⣿⣿⣿⣿⣿⡇⠀⠀ ⠀⠀⠀⠀⠀⠀⠀⠀⠀⠙⠻⢿⣿⣿⣿⣿⠟⠁,0,0,2023-05-06 06:40:28+00:00,CR7_1948,⠛⠛⣿⣿⣿⣿⣿⡷⢶⣦⣶⣶⣤⣤⣤⣀⠀⠀⠀ ⠀⠀⠀⣿⣿⣿⣿⣿⣿⣿⣿⣿⣿⣿⣿⣿⣿⣷⡀⠀ ⠀⠀⠀⠉⠉⠉⠙⠻⣿⣿⠿⠿⠛⠛⠛⠻⣿⣿⣇⠀ ⠀⠀⢤⣀⣀⣀⠀⠀⢸⣷⡄⠀⣁⣀⣤⣴⣿⣿⣿⣆ ⠀⠀⠀⠀⠹⠏⠀⠀⠀⣿⣧⠀⠹⣿⣿⣿⣿⣿⡿⣿ ⠀⠀⠀⠀⠀⠀⠀⠀⠀⠛⠿⠇⢀⣼⣿⣿⠛⢯⡿⡟ ⠀⠀⠀⠀⠀⠀⠀⠀⠀⠀⠦⠴⢿⢿⣿⡿⠷⠀⣿⠀ ⠀⠀⠀⠀⠀⠀⠀⠙⣷⣶⣶⣤⣤⣤⣤⣤⣶⣦⠃⠀ ⠀⠀⠀⠀⠀⠀⠀⢐⣿⣾⣿⣿⣿⣿⣿⣿⣿⣿⠀⠀ ⠀⠀⠀⠀⠀⠀⠀⠈⣿⣿⣿⣿⣿⣿⣿⣿⣿⡇⠀⠀ ⠀⠀⠀⠀⠀⠀⠀⠀⠀⠙⠻⢿⣿⣿⣿⣿⠟⠁,227,[],[],128,,False,⠛⠛⣿⣿⣿⣿⣿⡷⢶⣦⣶⣶⣤⣤⣤⣀⠀⠀⠀ ⠀⠀⠀⣿⣿⣿⣿⣿⣿⣿⣿⣿⣿⣿⣿⣿⣿⣷⡀⠀ ⠀⠀⠀⠉⠉⠉⠙⠻⣿⣿⠿⠿⠛⠛⠛⠻⣿⣿⣇⠀ ⠀⠀⢤⣀⣀⣀⠀⠀⢸⣷⡄⠀⣁⣀⣤⣴⣿⣿⣿⣆ ⠀⠀⠀⠀⠹⠏⠀⠀⠀⣿⣧⠀⠹⣿⣿⣿⣿⣿⡿⣿ ⠀⠀⠀⠀⠀⠀⠀⠀⠀⠛⠿⠇⢀⣼⣿⣿⠛⢯⡿⡟ ⠀⠀⠀⠀⠀⠀⠀⠀⠀⠀⠦⠴⢿⢿⣿⡿⠷⠀⣿⠀ ⠀⠀⠀⠀⠀⠀⠀⠙⣷⣶⣶⣤⣤⣤⣤⣤⣶⣦⠃⠀ ⠀⠀⠀⠀⠀⠀⠀⢐⣿⣾⣿⣿⣿⣿⣿⣿⣿⣿⠀⠀ ⠀⠀⠀⠀⠀⠀⠀⠈⣿⣿⣿⣿⣿⣿⣿⣿⣿⡇⠀⠀ ⠀⠀⠀⠀⠀⠀⠀⠀⠀⠙⠻⢿⣿⣿⣿⣿⠟⠁,True,False,False,False,False,False,0.86,Afetivo,0.88,Positivo,0.88,False,True,False,,,,True,False,False,False,False,False,True,False,False,False,False,False,llm_agreed,False
CR7,Rei,0,0,2023-01-05 01:25:52+00:00,CR7_0943,rei,3,[],[],7,,False,Rei,True,False,False,False,False,False,0.92,Afetivo,0.97,Positivo,0.92,False,True,False,,,,True,False,False,False,False,False,True,False,False,False,False,False,llm_agreed,False
CR7,Grande 👏,0,0,2023-01-02 22:24:14+00:00,CR7_0388,grande 👏,8,['👏'],[],4,,False,Grande 👏,True,False,False,False,False,False,0.85,Afetivo,0.92,Positivo,0.92,False,True,False,,,,True,False,False,False,False,False,True,False,False,False,False,False,llm_agreed,False
CR7,ВЕЛИКОЕ ФОТО,6 Me gusta,6,2023-10-31 12:10:33+00:00,CR7_2051,великое фото,12,[],[],306,mk,False,ВЕЛИКОЕ ФОТО,True,False,False,False,False,False,0.8,Afetivo,0.8,Positivo,0.8,False,True,False,,,,True,False,False,False,False,False,True,False,False,False,False,False,llm_agreed,False
CR7,👏👏👏👏👏👏🔥🔥🔥😮😮,0,0,2023-01-09 18:31:04+00:00,CR7_1284,👏👏👏👏👏👏🔥🔥🔥😮😮,11,"['🔥', '👏', '😮']",[],11,,False,👏👏👏👏👏👏🔥🔥🔥😮😮,True,False,False,False,False,False,0.92,Afetivo,0.95,Positivo,0.92,False,True,False,,,,True,False,False,False,False,False,True,False,False,False,False,False,llm_agreed,False
CR7,❤️,0,0,2023-01-02 19:38:03+00:00,CR7_0319,❤️,2,['❤️'],[],4,,False,❤️,False,False,False,True,False,False,0.84,Afetivo,0.88,Positivo,0.86,False,True,False,,,affect_heart_foreign,,,,,,,,,,,,,rule,False
CR7,I love Ronaldo cr 7,15 Me gusta,15,2023-01-03 21:30:29+00:00,CR7_0728,i love ronaldo cr 7,19,[],[],5,it,False,I love Ronaldo cr 7,False,False,False,True,False,False,0.92,Afetivo,0.92,Positivo,0.92,False,True,False,,,,False,False,False,True,False,False,False,False,False,True,False,False,llm_agreed,False
CR7,Ídolo ❤️,0,0,2023-01-03 18:10:27+00:00,CR7_0663,ídolo ❤️,8,['❤️'],[],5,,False,Ídolo ❤️,True,False,False,False,False,False,0.92,Afetivo,0.95,Positivo,0.95,False,True,False,,,,True,False,False,False,False,False,True,False,False,False,False,False,llm_agreed,False
Fernanda_Torres,Já ganhou tam tam tam 🏆,2 Me gusta,2,2025-01-25 17:51:22+00:00,FERNANDA_TORRES_0097,já ganhou tam tam tam 🏆,23,['🏆'],[],68,pt,True,Já ganhou tam tam tam 🏆,True,False,False,False,False,False,0.92,Afetivo,0.95,Positivo,0.95,False,True,False,,,,True,False,False,False,False,False,True,False,False,False,False,False,llm_agreed,False
Fernanda_Torres,The champion 🇧🇷🏆❤️,1 Me gusta,1,2025-02-05 18:17:25+00:00,FERNANDA_TORRES_2413,the champion 🇧🇷🏆❤️,18,"['🇧🇷', '🏆', '❤️']",[],79,en,True,The champion 🇧🇷🏆❤️,True,False,False,False,True,False,0.93,Afetivo,0.95,Positivo,0.95,False,False,True,1.0,0.5454545454545454,,True,False,False,False,True,False,True,False,False,False,False,False,llm_reviewer,False
Fernanda_Torres,🇧🇷🇧🇷🇧🇷,1 Me gusta,1,2025-02-15 06:05:43+00:00,FERNANDA_TORRES_3238,🇧🇷🇧🇷🇧🇷,6,['🇧🇷'],[],89,,True,🇧🇷🇧🇷🇧🇷,True,False,False,False,False,False,0.86,Afetivo,0.88,Positivo,0.86,False,True,False,,,flag_only_fernanda,,,,,,,,,,,,,rule,False
Fernanda_Torres,🇧🇷😍👏,1 Me gusta,1,2025-01-28 18:16:23+00:00,FERNANDA_TORRES_0866,🇧🇷😍👏,4,"['🇧🇷', '👏', '😍']",[],71,,True,🇧🇷😍👏,True,False,False,False,False,False,0.86,Afetivo,0.88,Positivo,0.86,False,True,False,,,flag_mixed_fernanda,,,,,,,,,,,,,rule,False
Fernanda_Torres,"congaratulations Fer,",0,0,2025-03-02 23:25:01+00:00,FERNANDA_TORRES_4005,"congaratulations fer,",21,[],[],104,en,False,"congaratulations Fer,",True,False,False,False,False,False,0.92,Afetivo,0.92,Positivo,0.92,False,True,False,,,,True,False,False,False,False,False,True,False,False,False,False,False,llm_agreed,False
Fernanda_Torres,Ainda estamos engajando! 🇧🇷🇧🇷🇧🇷,5 Me gusta,5,2025-10-04 11:18:37+00:00,FERNANDA_TORRES_5396,ainda estamos engajando! 🇧🇷🇧🇷🇧🇷,31,['🇧🇷'],[],320,es,True,Ainda estamos engajando! 🇧🇷🇧🇷🇧🇷,True,False,False,False,False,False,0.92,Afetivo,0.92,Positivo,0.92,False,False,True,1.0,0.5454545454545454,,True,False,False,False,False,False,True,False,False,False,True,False,llm_reviewer,False
Fernanda_Torres,"""Já Ganhou! TAN TAN TAN Já ganhou! TAN TAN TAN",2 Me gusta,2,2025-02-03 09:33:11+00:00,FERNANDA_TORRES_2182,"""já ganhou! tan tan tan já ganhou! tan tan tan",46,[],[],77,id,False,"""Já Ganhou! TAN TAN TAN Já ganhou! TAN TAN TAN",True,False,False,False,False,False,0.92,Afetivo,0.9,Positivo,0.9,False,True,False,,,,True,False,False,False,False,False,True,False,False,False,False,False,llm_agreed,False
Fernanda_Torres,❤️❤️❤️❤️❤️❤️❤️❤️,1 Me gusta,1,2025-02-14 20:19:01+00:00,FERNANDA_TORRES_2955,❤️❤️❤️❤️❤️❤️❤️❤️,16,['❤️'],[],88,,False,❤️❤️❤️❤️❤️❤️❤️❤️,True,False,False,False,False,False,0.86,Afetivo,0.9,Positivo,0.88,False,True,False,,,affect_heart_fernanda,,,,,,,,,,,,,rule,False
Fernanda_Torres,❤️👏🏆🇧🇷,1 Me gusta,1,2025-02-14 23:19:28+00:00,FERNANDA_TORRES_3033,❤️👏🏆🇧🇷,6,"['🏆', '🇧🇷', '👏', '❤️']",[],88,,True,❤️👏🏆🇧🇷,True,False,False,False,False,False,0.88,Afetivo,0.9,Positivo,0.88,False,True,False,,,flag_trophy_fernanda,,,,,,,,,,,,,rule,False
Fernanda_Torres,😍😍😍😍,1 Me gusta,1,2025-02-14 22:29:18+00:00,FERNANDA_TORRES_3017,😍😍😍😍,4,['😍'],[],88,,False,😍😍😍😍,True,False,False,False,False,False,0.86,Afetivo,0.9,Positivo,0.88,False,True,False,,,affect_combo_fernanda,,,,,,,,,,,,,rule,False
Fernanda_Torres,🏆🏆🏆🏆🇧🇷🇧🇷,1 Me gusta,1,2025-01-27 13:29:39+00:00,FERNANDA_TORRES_0539,🏆🏆🏆🏆🇧🇷🇧🇷,8,"['🇧🇷', '🏆']",[],70,,True,🏆🏆🏆🏆🇧🇷🇧🇷,True,False,False,False,False,False,0.88,Afetivo,0.9,Positivo,0.88,False,True,False,,,flag_trophy_fernanda,,,,,,,,,,,,,rule,False
Fernanda_Torres,💙💙,2 Me gusta,2,2025-02-01 03:19:45+00:00,FERNANDA_TORRES_1769,💙💙,2,['💙'],[],75,,False,💙💙,True,False,False,False,False,False,0.86,Afetivo,0.9,Positivo,0.88,False,True,False,,,affect_combo_fernanda,,,,,,,,,,,,,rule,False
Fernanda_Torres,👏👏👏👏🏆🇧🇷😍,1 Me gusta,1,2025-02-15 01:37:20+00:00,FERNANDA_TORRES_3154,👏👏👏👏🏆🇧🇷😍,8,"['🏆', '🇧🇷', '👏', '😍']",[],89,,True,👏👏👏👏🏆🇧🇷😍,True,False,False,False,False,False,0.88,Afetivo,0.9,Positivo,0.88,False,True,False,,,flag_trophy_fernanda,,,,,,,,,,,,,rule,False
Fernanda_Torres,Merecedora demais! ❤️,4 Me gusta,4,2025-01-31 12:57:41+00:00,FERNANDA_TORRES_1478,merecedora demais! ❤️,21,['❤️'],[],74,pt,True,Merecedora demais! ❤️,True,False,False,False,False,False,0.92,Afetivo,0.92,Positivo,0.9,False,True,False,,,,True,False,False,False,False,False,True,False,False,False,False,False,llm_agreed,False
Fernanda_Torres,❤️❤️❤️❤️❤️❤️,1 Me gusta,1,2025-02-15 01:56:59+00:00,FERNANDA_TORRES_3166,❤️❤️❤️❤️❤️❤️,12,['❤️'],[],89,,False,❤️❤️❤️❤️❤️❤️,True,False,False,False,False,False,0.86,Afetivo,0.9,Positivo,0.88,False,True,False,,,affect_heart_fernanda,,,,,,,,,,,,,rule,False
Fernanda_Torres,❤️❤️❤️❤️🇧🇷🇧🇷🇧🇷🇧🇷🏆,2 Me gusta,2,2025-02-06 21:25:51+00:00,FERNANDA_TORRES_2511,❤️❤️❤️❤️🇧🇷🇧🇷🇧🇷🇧🇷🏆,17,"['🇧🇷', '🏆', '❤️']",[],80,,True,❤️❤️❤️❤️🇧🇷🇧🇷🇧🇷🇧🇷🏆,True,False,False,False,False,False,0.88,Afetivo,0.9,Positivo,0.88,False,True,False,,,flag_trophy_fernanda,,,,,,,,,,,,,rule,False
Fernanda_Torres,👏🇧🇷,1 Me gusta,1,2025-02-15 02:34:09+00:00,FERNANDA_TORRES_3183,👏🇧🇷,3,"['🇧🇷', '👏']",[],89,,True,👏🇧🇷,True,False,False,False,False,False,0.86,Afetivo,0.88,Positivo,0.86,False,True,False,,,flag_mixed_fernanda,,,,,,,,,,,,,rule,False
Fernanda_Torres,!,4 Me gusta,4,2025-11-30 05:36:04+00:00,FERNANDA_TORRES_6508,!,1,[],[],377,,False,!,True,False,False,False,False,False,0.85,Afetivo,0.8,Positivo,0.8,False,True,False,,,,True,False,False,False,False,False,True,False,False,False,False,False,llm_agreed,False
Fernanda_Torres,🇧🇷🇧🇷🇧🇷❤️❤️❤️,3 Me gusta,3,2025-10-04 20:45:24+00:00,FERNANDA_TORRES_5736,🇧🇷🇧🇷🇧🇷❤️❤️❤️,12,"['🇧🇷', '❤️']",[],320,,True,🇧🇷🇧🇷🇧🇷❤️❤️❤️,True,False,False,False,False,False,0.86,Afetivo,0.88,Positivo,0.86,False,True,False,,,flag_mixed_fernanda,,,,,,,,,,,,,rule,False
Fernanda_Torres,🇧🇷🇧🇷🇧🇷,0,0,2025-03-02 22:43:19+00:00,FERNANDA_TORRES_3945,🇧🇷🇧🇷🇧🇷,6,['🇧🇷'],[],104,,True,🇧🇷🇧🇷🇧🇷,True,False,False,False,False,False,0.86,Afetivo,0.88,Positivo,0.86,False,True,False,,,flag_only_fernanda,,,,,,,,,,,,,rule,False
