case,comment,likes_raw,likes,date_iso,hash_id,comment_norm,comment_length,emojis_list,hashtags_list,days_old,language,is_brazilian,comment_anon,theme_C1,theme_C2,theme_C3,theme_C4,theme_C5,theme_NA,theme_conf,character,char_conf,tone,tone_conf,needs_human_review,coder_agreement,reviewer_used,kappa_reviewer_a,kappa_reviewer_b,rule_id,theme_C1_a,theme_C2_a,theme_C3_a,theme_C4_a,theme_C5_a,theme_NA_a,character_a,tone_a,confidence_a,theme_C1_b,theme_C2_b,theme_C3_b,theme_C4_b,theme_C5_b,theme_NA_b,character_b,tone_b,confidence_b,classification_source,theme_C1_human,theme_C2_human,theme_C3_human,theme_C4_human,theme_C5_human,theme_NA_human,character_human,tone_human,human_notes,reviewed_by,reviewed_at,human_reviewed
Bruno_Mars,@bruninhoedobrasil #rumoaos200M,2 Me gusta,2,2025-12-11 16:06:49+00:00,BRUNO_MARS_2819,@bruninhoedobrasil #rumoaos200m,31,[],['#rumoaos200M'],399,pt,True,@user #rumoaos200M,False,False,False,False,True,False,0.92,Afetivo,0.9,Positivo,0.88,False,True,False,,,rumoaos200m_shell,,,,,,,,,,,,,,,,,,,rule,,,,,,,,,,,,False
Bruno_Mars,🔥🇧🇷💚,0,0,2026-02-04 01:52:39+00:00,BRUNO_MARS_6923,🔥🇧🇷💚,4,"['🔥', '💚', '🇧🇷']",[],454,,True,🔥🇧🇷💚,False,False,False,True,True,False,0.84,Afetivo,0.88,Positivo,0.86,False,True,False,,,flag_mixed_foreign,,,,,,,,,,,,,,,,,,,rule,,,,,,,,,,,,False
Bruno_Mars,"Amamos você, Bruninho.💚💛🇧🇷🇧🇷🇧🇷❤️😍",2 Me gusta,2,2026-01-26 18:28:13+00:00,BRUNO_MARS_5994,"amamos você, bruninho.💚💛🇧🇷🇧🇷🇧🇷❤️😍",33,"['😍', '🇧🇷', '💛', '❤️', '💚']",[],445,pt,True,"Amamos você, Bruninho.💚💛🇧🇷🇧🇷🇧🇷❤️😍",False,False,False,True,True,False,0.92,Afetivo,0.95,Positivo,0.92,False,True,False,,,,False,False,False,True,True,False,Afetivo,Positivo,0.92,False,False,False,True,True,False,Afetivo,Positivo,0.92,llm_agreed,,,,,,,,,,,,False
Bruno_Mars,😂,1 Me gusta,1,2025-12-21 12:27:30+00:00,BRUNO_MARS_3246,😂,1,['😂'],[],409,,False,😂,False,False,False,True,False,False,0.84,Afetivo,0.88,Positivo,0.86,False,True,False,,,affect_combo_foreign,,,,,,,,,,,,,,,,,,,rule,,,,,,,,,,,,False
Bruno_Mars,💛🇧🇷💚,0,0,2026-02-05 22:31:16+00:00,BRUNO_MARS_7082,💛🇧🇷💚,4,"['🇧🇷', '💚', '💛']",[],455,,True,💛🇧🇷💚,False,False,False,True,True,False,0.84,Afetivo,0.88,Positivo,0.86,False,True,False,,,flag_mixed_foreign,,,,,,,,,,,,,,,,,,,rule,,,,,,,,,,,,False
Bruno_Mars,😍🇧🇷🔥,0,0,2025-10-16 23:18:40+00:00,BRUNO_MARS_0555,😍🇧🇷🔥,4,"['😍', '🇧🇷', '🔥']",[],343,,True,😍🇧🇷🔥,False,False,False,True,True,False,0.84,Afetivo,0.88,Positivo,0.86,False,True,False,,,flag_mixed_foreign,,,,,,,,,,,,,,,,,,,rule,,,,,,,,,,,,False
Bruno_Mars,💛🇧🇷❤️,2 Me gusta,2,2025-12-09 23:06:19+00:00,BRUNO_MARS_2647,💛🇧🇷❤️,5,"['🇧🇷', '❤️', '💛']",[],397,,True,💛🇧🇷❤️,False,False,False,True,True,False,0.84,Afetivo,0.88,Positivo,0.86,False,True,False,,,flag_mixed_foreign,,,,,,,,,,,,,,,,,,,rule,,,,,,,,,,,,False
Bruno_Mars,🇧🇷🇧🇷🇧🇷🇧🇷,1 Me gusta,1,2026-01-09 13:23:18+00:00,BRUNO_MARS_4241,🇧🇷🇧🇷🇧🇷🇧🇷,8,['🇧🇷'],[],428,,True,🇧🇷🇧🇷🇧🇷🇧🇷,False,False,False,False,True,False,0.84,Afetivo,0.86,Positivo,0.84,False,True,False,,,flag_only_foreign_thread,,,,,,,,,,,,,,,,,,,rule,,,,,,,,,,,,False
Bruno_Mars,🇧🇷🔥🇧🇷🔥🇧🇷🔥 🇧🇷,1 Me gusta,1,2026-02-03 19:18:53+00:00,BRUNO_MARS_6848,🇧🇷🔥🇧🇷🔥🇧🇷🔥 🇧🇷,12,"['🇧🇷', '🔥']",[],453,,True,🇧🇷🔥🇧🇷🔥🇧🇷🔥 🇧🇷,False,False,False,True,True,False,0.84,Afetivo,0.88,Positivo,0.86,False,True,False,,,flag_mixed_foreign,,,,,,,,,,,,,,,,,,,rule,,,,,,,,,,,,False
Bruno_Mars,"Até que enfim os 2 milhões vieram, agora faltar bater 1k de comentários 💛💚",1 Me gusta,1,2026-01-28 01:10:12+00:00,BRUNO_MARS_6144,"até que enfim os 2 milhões vieram, agora faltar bater 1k de comentários 💛💚",74,"['💚', '💛']",[],447,pt,True,"Até que enfim os 2 milhões vieram, agora faltar bater 1k de comentários 💛💚",False,False,False,True,True,False,0.9,Afetivo,0.92,Positivo,0.92,False,False,True,1.0,0.5454545454545454,,False,False,False,True,True,False,Afetivo,Positivo,0.82,False,False,False,True,False,False,Afetivo,Positivo,0.92,llm_reviewer,,,,,,,,,,,,False
Bruno_Mars,@bruninhoedobrasil #rumoaos200m,3 Me gusta,3,2025-12-11 20:24:14+00:00,BRUNO_MARS_2883,@bruninhoedobrasil #rumoaos200m,31,[],['#rumoaos200m'],399,pt,True,@user #rumoaos200m,False,False,False,False,True,False,0.92,Afetivo,0.9,Positivo,0.88,False,True,False,,,rumoaos200m_shell,,,,,,,,,,,,,,,,,,,rule,,,,,,,,,,,,False
Bruno_Mars,🇧🇷,1 Me gusta,1,2026-01-26 14:55:41+00:00,BRUNO_MARS_5845,🇧🇷,2,['🇧🇷'],[],445,,True,🇧🇷,False,False,False,False,True,False,0.84,Afetivo,0.86,Positivo,0.84,False,True,False,,,flag_only_foreign_thread,,,,,,,,,,,,,,,,,,,rule,,,,,,,,,,,,False
Bruno_Mars,📍🇧🇷❤️,0,0,2025-11-22 20:00:00+00:00,BRUNO_MARS_1678,📍🇧🇷❤️,5,"['🇧🇷', '📍', '❤️']",[],380,,True,📍🇧🇷❤️,False,False,False,False,True,False,0.86,Afetivo,0.88,Positivo,0.86,False,True,False,,,flag_location,,,,,,,,,,,,,,,,,,,rule,,,,,,,,,,,,False
Bruno_Mars,🔥🇧🇷❤️,0,0,2026-01-08 16:02:30+00:00,BRUNO_MARS_4042,🔥🇧🇷❤️,5,"['🔥', '❤️', '🇧🇷']",[],427,,True,🔥🇧🇷❤️,False,False,False,True,True,False,0.84,Afetivo,0.88,Positivo,0.86,False,True,False,,,flag_mixed_foreign,,,,,,,,,,,,,,,,,,,rule,,,,,,,,,,,,False
Bruno_Mars,💚🇧🇷📍,0,0,2026-01-20 02:17:22+00:00,BRUNO_MARS_5112,💚🇧🇷📍,4,"['🇧🇷', '💚', '📍']",[],439,,True,💚🇧🇷📍,False,False,False,False,True,False,0.86,Afetivo,0.88,Positivo,0.86,False,True,False,,,flag_location,,,,,,,,,,,,,,,,,,,rule,,,,,,,,,,,,False
Bruno_Mars,Bruninho 😍,1 Me gusta,1,2026-02-05 14:28:51+00:00,BRUNO_MARS_7029,bruninho 😍,10,['😍'],[],455,pt,True,Bruninho 😍,False,False,False,True,False,False,0.92,Afetivo,0.95,Positivo,0.92,False,True,False,,,,False,False,False,True,False,False,Afetivo,Positivo,0.92,False,False,False,True,False,False,Afetivo,Positivo,0.92,llm_agreed,,,,,,,,,,,,False
Bruno_Mars,🇧🇷🔥🇧🇷,1 Me gusta,1,2025-11-17 15:04:17+00:00,BRUNO_MARS_1384,🇧🇷🔥🇧🇷,5,"['🇧🇷', '🔥']",[],375,,True,🇧🇷🔥🇧🇷,False,False,False,True,True,False,0.84,Afetivo,0.88,Positivo,0.86,False,True,False,,,flag_mixed_foreign,,,,,,,,,,,,,,,,,,,rule,,,,,,,,,,,,False
Bruno_Mars,"FAZ BARULHO, GALERA!!!! UHUUUUUU 🥳🥳🥳🥳🥳🥳🥳🥳🥳🎊🎊🎊🎊🎊🎊🎊",2 Me gusta,2,2026-01-26 11:58:50+00:00,BRUNO_MARS_5813,"faz barulho, galera!!!! uhuuuuuu 🥳🥳🥳🥳🥳🥳🥳🥳🥳🎊🎊🎊🎊🎊🎊🎊",49,"['🥳', '🎊']",[],445,so,False,"FAZ BARULHO, GALERA!!!! UHUUUUUU 🥳🥳🥳🥳🥳🥳🥳🥳🥳🎊🎊🎊🎊🎊🎊🎊",False,False,False,True,True,False,0.88,Afetivo,0.9,Positivo,0.95,False,False,True,0.0,1.0,,False,False,False,False,False,True,Afetivo,Positivo,0.75,False,False,False,True,True,False,Afetivo,Positivo,0.92,llm_reviewer,,,,,,,,,,,,False
Bruno_Mars,🇧🇷🇧🇷🇧🇷🇧🇷🇧🇷,4 Me gusta,4,2026-01-25 21:56:22+00:00,BRUNO_MARS_5703,🇧🇷🇧🇷🇧🇷🇧🇷🇧🇷,10,['🇧🇷'],[],444,,True,🇧🇷🇧🇷🇧🇷🇧🇷🇧🇷,False,False,False,False,True,False,0.84,Afetivo,0.86,Positivo,0.84,False,True,False,,,flag_only_foreign_thread,,,,,,,,,,,,,,,,,,,rule,,,,,,,,,,,,False
Bruno_Mars,💛,1 Me gusta,1,2026-01-30 01:56:36+00:00,BRUNO_MARS_6415,💛,1,['💛'],[],449,,False,💛,False,False,False,True,False,False,0.83,Afetivo,0.86,Positivo,0.84,False,True,False,,,national_colors_foreign,,,,,,,,,,,,,,,,,,,rule,,,,,,,,,,,,False
Bruno_Mars,Bruno está de volta 🇧🇷,3 Me gusta,3,2026-01-07 02:13:52+00:00,BRUNO_MARS_3908,bruno está de volta 🇧🇷,22,['🇧🇷'],[],426,es,True,Bruno está de volta 🇧🇷,False,False,False,False,True,False,0.92,Cognitivo,0.72,Positivo,0.8,False,True,False,,,,False,False,False,False,True,False,Cognitivo,Positivo,0.92,False,False,False,False,True,False,Afetivo,Positivo,0.9,llm_agreed,,,,,,,,,,,,False
Bruno_Mars,🔥🇧🇷💛,0,0,2025-11-11 04:12:19+00:00,BRUNO_MARS_1079,🔥🇧🇷💛,4,"['🔥', '🇧🇷', '💛']",[],369,,True,🔥🇧🇷💛,False,False,False,True,True,False,0.84,Afetivo,0.88,Positivo,0.86,False,True,False,,,flag_mixed_foreign,,,,,,,,,,,,,,,,,,,rule,,,,,,,,,,,,False
Bruno_Mars,Campinas São Paulo 👏👏👏👏👏🇧🇷🇧🇷🇧🇷🇧🇷,4 Me gusta,4,2026-01-10 22:23:37+00:00,BRUNO_MARS_4478,campinas são paulo 👏👏👏👏👏🇧🇷🇧🇷🇧🇷🇧🇷,32,"['🇧🇷', '👏']",[],429,pt,True,Campinas São Paulo 👏👏👏👏👏🇧🇷🇧🇷🇧🇷🇧🇷,False,False,False,True,True,False,0.92,Afetivo,0.95,Positivo,0.92,False,True,False,,,,False,False,False,True,True,False,Afetivo,Positivo,0.92,False,False,False,True,True,False,Afetivo,Positivo,0.85,llm_agreed,,,,,,,,,,,,False
Bruno_Mars,BM4🥳🥳🥳🥳🥳🥳🥳🥳🥳🥳🥳🥳🥳🥳,2 Me gusta,2,2026-01-05 21:13:55+00:00,BRUNO_MARS_3820,bm4🥳🥳🥳🥳🥳🥳🥳🥳🥳🥳🥳🥳🥳🥳,17,['🥳'],[],424,,False,BM4🥳🥳🥳🥳🥳🥳🥳🥳🥳🥳🥳🥳🥳🥳,False,False,False,True,False,False,0.8,Afetivo,0.85,Positivo,0.85,False,True,False,,,,False,False,False,True,False,False,Afetivo,Positivo,0.8,False,False,False,True,False,False,Afetivo,Positivo,0.72,llm_agreed,,,,,,,,,,,,False
Bruno_Mars,📍🇧🇷😍,1 Me gusta,1,2026-01-22 02:39:05+00:00,BRUNO_MARS_5229,📍🇧🇷😍,4,"['🇧🇷', '📍', '😍']",[],441,,True,📍🇧🇷😍,False,False,False,False,True,False,0.86,Afetivo,0.88,Positivo,0.86,False,True,False,,,flag_location,,,,,,,,,,,,,,,,,,,rule,,,,,,,,,,,,False
Bruno_Mars,🔥🇧🇷❤️,1 Me gusta,1,2025-12-29 18:16:14+00:00,BRUNO_MARS_3612,🔥🇧🇷❤️,5,"['🔥', '❤️', '🇧🇷']",[],417,,True,🔥🇧🇷❤️,False,False,False,True,True,False,0.84,Afetivo,0.88,Positivo,0.86,False,True,False,,,flag_mixed_foreign,,,,,,,,,,,,,,,,,,,rule,,,,,,,,,,,,False
Bruno_Mars,💛,1 Me gusta,1,2026-01-06 09:49:14+00:00,BRUNO_MARS_3870,💛,1,['💛'],[],425,,False,💛,False,False,False,True,False,False,0.83,Afetivo,0.86,Positivo,0.84,False,True,False,,,national_colors_foreign,,,,,,,,,,,,,,,,,,,rule,,,,,,,,,,,,False
Bruno_Mars,🔥🇧🇷🔥,2 Me gusta,2,2025-12-04 00:57:20+00:00,BRUNO_MARS_2346,🔥🇧🇷🔥,4,"['🔥', '🇧🇷']",[],392,,True,🔥🇧🇷🔥,False,False,False,True,True,False,0.84,Afetivo,0.88,Positivo,0.86,False,True,False,,,flag_mixed_foreign,,,,,,,,,,,,,,,,,,,rule,,,,,,,,,,,,False
Bruno_Mars,Video legendario 💚,2 Me gusta,2,2026-01-31 15:32:43+00:00,BRUNO_MARS_6659,video legendario 💚,18,['💚'],[],450,es,False,Video legendario 💚,False,False,False,True,False,False,0.92,Afetivo,0.95,Positivo,0.95,False,True,False,,,,False,False,False,True,False,False,Afetivo,Positivo,0.92,False,False,False,True,False,False,Afetivo,Positivo,0.85,llm_agreed,,,,,,,,,,,,False
Bruno_Mars,😍🇧🇷❤️,2 Me gusta,2,2026-01-22 02:40:32+00:00,BRUNO_MARS_5248,😍🇧🇷❤️,5,"['😍', '❤️', '🇧🇷']",[],441,,True,😍🇧🇷❤️,False,False,False,True,True,False,0.84,Afetivo,0.88,Positivo,0.86,False,True,False,,,flag_mixed_foreign,,,,,,,,,,,,,,,,,,,rule,,,,,,,,,,,,False
Bruno_Mars,🇧🇷🇧🇷🇧🇷🇧🇷🇧🇷🇧🇷🇧🇷,1 Me gusta,1,2026-01-31 04:52:05+00:00,BRUNO_MARS_6584,🇧🇷🇧🇷🇧🇷🇧🇷🇧🇷🇧🇷🇧🇷,14,['🇧🇷'],[],450,,True,🇧🇷🇧🇷🇧🇷🇧🇷🇧🇷🇧🇷🇧🇷,False,False,False,False,True,False,0.84,Afetivo,0.86,Positivo,0.84,False,True,False,,,flag_only_foreign_thread,,,,,,,,,,,,,,,,,,,rule,,,,,,,,,,,,False
Bruno_Mars,@bruninhoedobrasil #rumoaos200m,2 Me gusta,2,2025-12-01 19:14:07+00:00,BRUNO_MARS_2174,@bruninhoedobrasil #rumoaos200m,31,[],['#rumoaos200m'],389,pt,True,@user #rumoaos200m,False,False,False,False,True,False,0.92,Afetivo,0.9,Positivo,0.88,False,True,False,,,rumoaos200m_shell,,,,,,,,,,,,,,,,,,,rule,,,,,,,,,,,,False
Bruno_Mars,"Falta 15mil, gente!!!",5 Me gusta,5,2026-01-23 00:20:08+00:00,BRUNO_MARS_5357,"falta 15mil, gente!!!",21,[],[],442,it,False,"Falta 15mil, gente!!!",False,False,False,False,True,False,0.8,Cognitivo,0.7,Neutro,0.6,False,True,False,,,,False,False,False,False,True,False,Cognitivo,Neutro,0.8,False,False,False,False,True,False,Cognitivo,Positivo,0.75,llm_agreed,,,,,,,,,,,,False
Bruno_Mars,😂🇧🇷🔥,2 Me gusta,2,2025-12-04 00:53:47+00:00,BRUNO_MARS_2311,😂🇧🇷🔥,4,"['🇧🇷', '😂', '🔥']",[],392,,True,😂🇧🇷🔥,False,False,False,True,True,False,0.84,Afetivo,0.88,Positivo,0.86,False,True,False,,,flag_mixed_foreign,,,,,,,,,,,,,,,,,,,rule,,,,,,,,,,,,False
Bruno_Mars,😍💚🇧🇷❤️,2 Me gusta,2,2026-01-08 14:48:59+00:00,BRUNO_MARS_3990,😍💚🇧🇷❤️,6,"['😍', '💚', '❤️', '🇧🇷']",[],427,,True,😍💚🇧🇷❤️,False,False,False,True,True,False,0.84,Afetivo,0.88,Positivo,0.86,False,True,False,,,flag_mixed_foreign,,,,,,,,,,,,,,,,,,,rule,,,,,,,,,,,,False
Bruno_Mars,🇧🇷🇧🇷🇧🇷,1 Me gusta,1,2026-01-30 12:56:53+00:00,BRUNO_MARS_6482,🇧🇷🇧🇷🇧🇷,6,['🇧🇷'],[],449,,True,🇧🇷🇧🇷🇧🇷,False,False,False,False,True,False,0.84,Afetivo,0.86,Positivo,0.84,False,True,False,,,flag_only_foreign_thread,,,,,,,,,,,,,,,,,,,rule,,,,,,,,,,,,False
Bruno_Mars,🇧🇷🇧🇷💚💛💚,2 Me gusta,2,2026-02-28 01:36:20+00:00,BRUNO_MARS_7871,🇧🇷🇧🇷💚💛💚,7,"['🇧🇷', '💚', '💛']",[],478,,True,🇧🇷🇧🇷💚💛💚,False,False,False,True,True,False,0.84,Afetivo,0.88,Positivo,0.86,False,True,False,,,flag_mixed_foreign,,,,,,,,,,,,,,,,,,,rule,,,,,,,,,,,,False
Bruno_Mars,@bruninhoedobrasil #rumoaos200M,1 Me gusta,1,2025-12-10 14:48:54+00:00,BRUNO_MARS_2677,@bruninhoedobrasil #rumoaos200m,31,[],['#rumoaos200M'],398,pt,True,@user #rumoaos200M,False,False,False,False,True,False,0.92,Afetivo,0.9,Positivo,0.88,False,True,False,,,rumoaos200m_shell,,,,,,,,,,,,,,,,,,,rule,,,,,,,,,,,,False
Bruno_Mars,🇧🇷🔥,2 Me gusta,2,2025-11-10 17:15:05+00:00,BRUNO_MARS_1028,🇧🇷🔥,3,"['🇧🇷', '🔥']",[],368,,True,🇧🇷🔥,False,False,False,True,True,False,0.84,Afetivo,0.88,Positivo,0.86,False,True,False,,,flag_mixed_foreign,,,,,,,,,,,,,,,,,,,rule,,,,,,,,,,,,False
Bruno_Mars,💚🇧🇷❤️,2 Me gusta,2,2026-01-22 02:41:03+00:00,BRUNO_MARS_5256,💚🇧🇷❤️,5,"['🇧🇷', '💚', '❤️']",[],441,,True,💚🇧🇷❤️,False,False,False,True,True,False,0.84,Afetivo,0.88,Positivo,0.86,False,True,False,,,flag_mixed_foreign,,,,,,,,,,,,,,,,,,,rule,,,,,,,,,,,,False
Bruno_Mars,@bruninhoedobrasil #rumoaos200m,0,0,2025-12-13 17:11:05+00:00,BRUNO_MARS_2971,@bruninhoedobrasil #rumoaos200m,31,[],['#rumoaos200m'],401,pt,True,@user #rumoaos200m,False,False,False,False,True,False,0.92,Afetivo,0.9,Positivo,0.88,False,True,False,,,rumoaos200m_shell,,,,,,,,,,,,,,,,,,,rule,,,,,,,,,,,,False
Bruno_Mars,🇧🇷,1 Me gusta,1,2026-01-30 02:32:04+00:00,BRUNO_MARS_6439,🇧🇷,2,['🇧🇷'],[],449,,True,🇧🇷,False,False,False,False,True,False,0.84,Afetivo,0.86,Positivo,0.84,False,True,False,,,flag_only_foreign_thread,,,,,,,,,,,,,,,,,,,rule,,,,,,,,,,,,False
Bruno_Mars,😍😍😍😍,1 Me gusta,1,2026-01-30 02:31:52+00:00,BRUNO_MARS_6430,😍😍😍😍,4,['😍'],[],449,,False,😍😍😍😍,False,False,False,True,False,False,0.84,Afetivo,0.88,Positivo,0.86,False,True,False,,,affect_combo_foreign,,,,,,,,,,,,,,,,,,,rule,,,,,,,,,,,,False
Bruno_Mars,Y'all I think @dorgeania is a fan,4 Me gusta,4,2026-01-15 12:25:48+00:00,BRUNO_MARS_4804,y'all i think @dorgeania is a fan,33,[],[],434,en,False,Y'all I think @user is a fan,False,False,False,False,False,True,0.7,Cognitivo,0.6,Neutro,0.6,False,True,False,,,,False,False,False,False,False,True,Cognitivo,Neutro,0.7,False,False,False,False,False,True,Cognitivo,Neutro,0.75,llm_agreed,,,,,,,,,,,,False
Bruno_Mars,🇧🇷🇧🇷🇧🇷😍😍,4 Me gusta,4,2026-01-09 10:01:44+00:00,BRUNO_MARS_4230,🇧🇷🇧🇷🇧🇷😍😍,8,"['🇧🇷', '😍']",[],428,,True,🇧🇷🇧🇷🇧🇷😍😍,False,False,False,True,True,False,0.84,Afetivo,0.88,Positivo,0.86,False,True,False,,,flag_mixed_foreign,,,,,,,,,,,,,,,,,,,rule,,,,,,,,,,,,False
Bruno_Mars,🇧🇷😂,3 Me gusta,3,2026-01-21 17:27:13+00:00,BRUNO_MARS_5200,🇧🇷😂,3,"['🇧🇷', '😂']",[],440,,True,🇧🇷😂,False,False,False,False,True,False,0.84,Afetivo,0.88,Positivo,0.86,False,True,False,,,flag_mixed_foreign,,,,,,,,,,,,,,,,,,,rule,,,,,,,,,,,,False
Bruno_Mars,🇧🇷🔥,0,0,2025-10-25 00:59:44+00:00,BRUNO_MARS_0801,🇧🇷🔥,3,"['🇧🇷', '🔥']",[],352,,True,🇧🇷🔥,False,False,False,True,True,False,0.84,Afetivo,0.88,Positivo,0.86,False,True,False,,,flag_mixed_foreign,,,,,,,,,,,,,,,,,,,rule,,,,,,,,,,,,False
Bruno_Mars,🇧🇷💛,1 Me gusta,1,2026-01-26 14:55:50+00:00,BRUNO_MARS_5850,🇧🇷💛,3,"['🇧🇷', '💛']",[],445,,True,🇧🇷💛,False,False,False,True,True,False,0.84,Afetivo,0.88,Positivo,0.86,False,True,False,,,flag_mixed_foreign,,,,,,,,,,,,,,,,,,,rule,,,,,,,,,,,,False
Bruno_Mars,❤️🇧🇷,1 Me gusta,1,2026-02-06 12:31:14+00:00,BRUNO_MARS_7125,❤️🇧🇷,4,"['🇧🇷', '❤️']",[],456,,True,❤️🇧🇷,False,False,False,True,True,False,0.84,Afetivo,0.88,Positivo,0.86,False,True,False,,,flag_mixed_foreign,,,,,,,,,,,,,,,,,,,rule,,,,,,,,,,,,False
Bruno_Mars,@bruninhoedobrasil #rumoaos200m,2 Me gusta,2,2025-12-01 23:47:33+00:00,BRUNO_MARS_2190,@bruninhoedobrasil #rumoaos200m,31,[],['#rumoaos200m'],389,pt,True,@user #rumoaos200m,False,False,False,False,True,False,0.92,Afetivo,0.9,Positivo,0.88,False,True,False,,,rumoaos200m_shell,,,,,,,,,,,,,,,,,,,rule,,,,,,,,,,,,False
Bruno_Mars,@bruninhoedobrasil #rumoaos200m,1 Me gusta,1,2025-12-09 20:34:46+00:00,BRUNO_MARS_2604,@bruninhoedobrasil #rumoaos200m,31,[],['#rumoaos200m'],397,pt,True,@user #rumoaos200m,False,False,False,False,True,False,0.92,Afetivo,0.9,Positivo,0.88,False,True,False,,,rumoaos200m_shell,,,,,,,,,,,,,,,,,,,rule,,,,,,,,,,,,False
Bruno_Mars,😍🇧🇷😂,1 Me gusta,1,2026-01-18 02:02:15+00:00,BRUNO_MARS_4939,😍🇧🇷😂,4,"['😍', '😂', '🇧🇷']",[],437,,True,😍🇧🇷😂,False,False,False,True,True,False,0.84,Afetivo,0.88,Positivo,0.86,False,True,False,,,flag_mixed_foreign,,,,,,,,,,,,,,,,,,,rule,,,,,,,,,,,,False
Bruno_Mars,🇧🇷,2 Me gusta,2,2025-12-04 19:57:13+00:00,BRUNO_MARS_2413,🇧🇷,2,['🇧🇷'],[],392,,True,🇧🇷,False,False,False,False,True,False,0.84,Afetivo,0.86,Positivo,0.84,False,True,False,,,flag_only_foreign_thread,,,,,,,,,,,,,,,,,,,rule,,,,,,,,,,,,False
Bruno_Mars,É O BRASIL COM SAUDADES DO NOSSO BRUNINHO 💚💛,2 Me gusta,2,2026-01-27 00:48:13+00:00,BRUNO_MARS_6048,é o brasil com saudades do nosso bruninho 💚💛,44,"['💚', '💛']",[],446,pt,True,É O BRASIL COM SAUDADES DO NOSSO BRUNINHO 💚💛,False,False,False,True,True,False,0.92,Afetivo,0.95,Positivo,0.93,False,True,False,,,,False,False,False,True,True,False,Afetivo,Positivo,0.92,False,False,False,True,True,False,Afetivo,Positivo,0.92,llm_agreed,,,,,,,,,,,,False
Bruno_Mars,🔥🔥🔥🇧🇷🇧🇷🇧🇷,1 Me gusta,1,2026-01-08 21:02:08+00:00,BRUNO_MARS_4082,🔥🔥🔥🇧🇷🇧🇷🇧🇷,9,"['🔥', '🇧🇷']",[],427,,True,🔥🔥🔥🇧🇷🇧🇷🇧🇷,False,False,False,True,True,False,0.84,Afetivo,0.88,Positivo,0.86,False,True,False,,,flag_mixed_foreign,,,,,,,,,,,,,,,,,,,rule,,,,,,,,,,,,False
Bruno_Mars,como pode você ser gato engraçadinho rebaixado e ter cabelo grande? tudo q eu gosto,5 Me gusta,5,2026-01-19 05:12:34+00:00,BRUNO_MARS_5063,como pode você ser gato engraçadinho rebaixado e ter cabelo grande? tudo q eu gosto,83,[],[],438,pt,True,como pode você ser gato engraçadinho rebaixado e ter cabelo grande? tudo q eu gosto,False,False,False,True,False,False,0.85,Afetivo,0.9,Positivo,0.9,False,True,False,,,,False,False,False,True,False,False,Afetivo,Positivo,0.85,False,False,False,True,False,False,Afetivo,Positivo,0.92,llm_agreed,,,,,,,,,,,,False
Bruno_Mars,❤️🇧🇷📍,0,0,2026-02-01 14:26:01+00:00,BRUNO_MARS_6766,❤️🇧🇷📍,5,"['🇧🇷', '📍', '❤️']",[],451,,True,❤️🇧🇷📍,False,False,False,False,True,False,0.86,Afetivo,0.88,Positivo,0.86,False,True,False,,,flag_location,,,,,,,,,,,,,,,,,,,rule,,,,,,,,,,,,False
Bruno_Mars,💚,5 Me gusta,5,2026-01-25 21:34:06+00:00,BRUNO_MARS_5702,💚,1,['💚'],[],444,,False,💚,False,False,False,True,False,False,0.83,Afetivo,0.86,Positivo,0.84,False,True,False,,,national_colors_foreign,,,,,,,,,,,,,,,,,,,rule,,,,,,,,,,,,False
Bruno_Mars,🇧🇷❤️,0,0,2026-01-29 01:09:20+00:00,BRUNO_MARS_6267,🇧🇷❤️,4,"['🇧🇷', '❤️']",[],448,,True,🇧🇷❤️,False,False,False,True,True,False,0.84,Afetivo,0.88,Positivo,0.86,False,True,False,,,flag_mixed_foreign,,,,,,,,,,,,,,,,,,,rule,,,,,,,,,,,,False
Bruno_Mars,"Brasil é fod@@@, 13 milhões de curtidas 👏🏻🇧🇷🇧🇷🇧🇷",4 Me gusta,4,2026-01-24 19:12:00+00:00,BRUNO_MARS_5504,"brasil é fod@@@, 13 milhões de curtidas 👏🏻🇧🇷🇧🇷🇧🇷",48,"['🇧🇷', '👏🏻']",[],443,pt,True,"Brasil é fod@@@, 13 milhões de curtidas 👏🏻🇧🇷🇧🇷🇧🇷",True,False,False,True,True,False,0.95,Afetivo,0.93,Positivo,0.95,False,False,True,1.0,0.6153846153846154,,True,False,False,True,True,False,Afetivo,Positivo,0.92,True,False,False,False,True,False,Afetivo,Positivo,0.85,llm_reviewer,,,,,,,,,,,,False
Bruno_Mars,🇧🇷📍🇧🇷,1 Me gusta,1,2025-12-25 06:44:32+00:00,BRUNO_MARS_3366,🇧🇷📍🇧🇷,5,"['🇧🇷', '📍']",[],413,,True,🇧🇷📍🇧🇷,False,False,False,False,True,False,0.86,Afetivo,0.88,Positivo,0.86,False,True,False,,,flag_location,,,,,,,,,,,,,,,,,,,rule,,,,,,,,,,,,False
Bruno_Mars,Les gooo,2 Me gusta,2,2026-02-24 02:54:54+00:00,BRUNO_MARS_7745,les gooo,8,[],[],474,,False,Les gooo,False,False,False,False,False,True,0.8,Afetivo,0.85,Positivo,0.85,False,True,False,,,,False,False,False,False,False,True,Afetivo,Positivo,0.8,False,False,False,False,False,True,Afetivo,Positivo,0.85,llm_agreed,,,,,,,,,,,,False
Bruno_Mars,🔥🇧🇷😂,1 Me gusta,1,2026-01-14 13:09:20+00:00,BRUNO_MARS_4766,🔥🇧🇷😂,4,"['🔥', '😂', '🇧🇷']",[],433,,True,🔥🇧🇷😂,False,False,False,True,True,False,0.84,Afetivo,0.88,Positivo,0.86,False,True,False,,,flag_mixed_foreign,,,,,,,,,,,,,,,,,,,rule,,,,,,,,,,,,False
Bruno_Mars,😂,1 Me gusta,1,2026-01-23 10:58:01+00:00,BRUNO_MARS_5369,😂,1,['😂'],[],442,,False,😂,False,False,False,True,False,False,0.84,Afetivo,0.88,Positivo,0.86,False,True,False,,,affect_combo_foreign,,,,,,,,,,,,,,,,,,,rule,,,,,,,,,,,,False
Bruno_Mars,@bruninhoedobrasil #rumoaos200M,2 Me gusta,2,2025-12-04 09:18:58+00:00,BRUNO_MARS_2374,@bruninhoedobrasil #rumoaos200m,31,[],['#rumoaos200M'],392,pt,True,@user #rumoaos200M,False,False,False,False,True,False,0.92,Afetivo,0.9,Positivo,0.88,False,True,False,,,rumoaos200m_shell,,,,,,,,,,,,,,,,,,,rule,,,,,,,,,,,,False
Bruno_Mars,🔥🔥🔥🔥🇧🇷🇧🇷🇧🇷,0,0,2025-11-14 04:03:56+00:00,BRUNO_MARS_1262,🔥🔥🔥🔥🇧🇷🇧🇷🇧🇷,10,"['🔥', '🇧🇷']",[],372,,True,🔥🔥🔥🔥🇧🇷🇧🇷🇧🇷,False,False,False,True,True,False,0.84,Afetivo,0.88,Positivo,0.86,False,True,False,,,flag_mixed_foreign,,,,,,,,,,,,,,,,,,,rule,,,,,,,,,,,,False
Bruno_Mars,🔥🇧🇷😂,1 Me gusta,1,2025-10-16 23:21:26+00:00,BRUNO_MARS_0587,🔥🇧🇷😂,4,"['🔥', '😂', '🇧🇷']",[],343,,True,🔥🇧🇷😂,False,False,False,True,True,False,0.84,Afetivo,0.88,Positivo,0.86,False,True,False,,,flag_mixed_foreign,,,,,,,,,,,,,,,,,,,rule,,,,,,,,,,,,False
Bruno_Mars,💚🇧🇷💛,1 Me gusta,1,2026-01-26 18:15:19+00:00,BRUNO_MARS_5973,💚🇧🇷💛,4,"['🇧🇷', '💚', '💛']",[],445,,True,💚🇧🇷💛,False,False,False,True,True,False,0.84,Afetivo,0.88,Positivo,0.86,False,True,False,,,flag_mixed_foreign,,,,,,,,,,,,,,,,,,,rule,,,,,,,,,,,,False
Bruno_Mars,🇧🇷🇧🇷🇧🇷,4 Me gusta,4,2026-01-24 19:05:32+00:00,BRUNO_MARS_5500,🇧🇷🇧🇷🇧🇷,6,['🇧🇷'],[],443,,True,🇧🇷🇧🇷🇧🇷,False,False,False,False,True,False,0.84,Afetivo,0.86,Positivo,0.84,False,True,False,,,flag_only_foreign_thread,,,,,,,,,,,,,,,,,,,rule,,,,,,,,,,,,False
Bruno_Mars,💚 😍😍,1 Me gusta,1,2026-03-06 15:23:19+00:00,BRUNO_MARS_8058,💚 😍😍,4,"['😍', '💚']",[],484,,False,💚 😍😍,False,False,False,True,False,False,0.84,Afetivo,0.88,Positivo,0.86,False,True,False,,,affect_combo_foreign,,,,,,,,,,,,,,,,,,,rule,,,,,,,,,,,,False
Bruno_Mars,💛🇧🇷😂,1 Me gusta,1,2025-12-18 15:20:02+00:00,BRUNO_MARS_3195,💛🇧🇷😂,4,"['🇧🇷', '😂', '💛']",[],406,,True,💛🇧🇷😂,False,False,False,True,True,False,0.84,Afetivo,0.88,Positivo,0.86,False,True,False,,,flag_mixed_foreign,,,,,,,,,,,,,,,,,,,rule,,,,,,,,,,,,False
Bruno_Mars,🇧🇷🇧🇷🇧🇷,1 Me gusta,1,2025-11-18 18:31:26+00:00,BRUNO_MARS_1407,🇧🇷🇧🇷🇧🇷,6,['🇧🇷'],[],376,,True,🇧🇷🇧🇷🇧🇷,False,False,False,False,True,False,0.84,Afetivo,0.86,Positivo,0.84,False,True,False,,,flag_only_foreign_thread,,,,,,,,,,,,,,,,,,,rule,,,,,,,,,,,,False
Bruno_Mars,📍🇧🇷🔥,1 Me gusta,1,2026-03-01 19:29:40+00:00,BRUNO_MARS_7967,📍🇧🇷🔥,4,"['🇧🇷', '📍', '🔥']",[],479,,True,📍🇧🇷🔥,False,False,False,False,True,False,0.86,Afetivo,0.88,Positivo,0.86,False,True,False,,,flag_location,,,,,,,,,,,,,,,,,,,rule,,,,,,,,,,,,False
Bruno_Mars,😍🇧🇷💚,0,0,2025-10-23 23:38:44+00:00,BRUNO_MARS_0749,😍🇧🇷💚,4,"['😍', '💚', '🇧🇷']",[],350,,True,😍🇧🇷💚,False,False,False,True,True,False,0.84,Afetivo,0.88,Positivo,0.86,False,True,False,,,flag_mixed_foreign,,,,,,,,,,,,,,,,,,,rule,,,,,,,,,,,,False
Bruno_Mars,Happy birthday My Love! 🥳🎂🍀🎉🎂💫🎈❤️🙏🏽👏🏽👏🏽👏🏽👏🏽,2 Me gusta,2,2025-10-08 19:07:03+00:00,BRUNO_MARS_0234,happy birthday my love! 🥳🎂🍀🎉🎂💫🎈❤️🙏🏽👏🏽👏🏽👏🏽👏🏽,43,"['🙏🏽', '👏🏽', '💫', '🎈', '🎉', '🥳', '❤️', '🍀', '🎂']",[],335,en,True,Happy birthday My Love! 🥳🎂🍀🎉🎂💫🎈❤️🙏🏽👏🏽👏🏽👏🏽👏🏽,False,False,False,True,False,False,0.92,Afetivo,0.92,Positivo,0.92,False,True,False,,,,False,False,False,True,False,False,Afetivo,Positivo,0.92,False,False,False,True,False,False,Afetivo,Positivo,0.9,llm_agreed,,,,,,,,,,,,False
Bruno_Mars,💚🇧🇷💛,0,0,2026-03-01 14:13:18+00:00,BRUNO_MARS_7937,💚🇧🇷💛,4,"['🇧🇷', '💚', '💛']",[],479,,True,💚🇧🇷💛,False,False,False,True,True,False,0.84,Afetivo,0.88,Positivo,0.86,False,True,False,,,flag_mixed_foreign,,,,,,,,,,,,,,,,,,,rule,,,,,,,,,,,,False
Bruno_Mars,💛🇧🇷,0,0,2025-11-24 00:26:54+00:00,BRUNO_MARS_1747,💛🇧🇷,3,"['🇧🇷', '💛']",[],382,,True,💛🇧🇷,False,False,False,True,True,False,0.84,Afetivo,0.88,Positivo,0.86,False,True,False,,,flag_mixed_foreign,,,,,,,,,,,,,,,,,,,rule,,,,,,,,,,,,False
Bruno_Mars,Bruno 😍❤️,4 Me gusta,4,2025-10-14 00:47:33+00:00,BRUNO_MARS_0454,bruno 😍❤️,9,"['😍', '❤️']",[],341,,False,Bruno 😍❤️,False,False,False,True,False,False,0.92,Afetivo,0.95,Positivo,0.92,False,True,False,,,,False,False,False,True,False,False,Afetivo,Positivo,0.92,False,False,False,True,False,False,Afetivo,Positivo,0.92,llm_agreed,,,,,,,,,,,,False
Bruno_Mars,@chay_nascy 🇧🇷💚,1 Me gusta,1,2025-11-23 09:07:47+00:00,BRUNO_MARS_1727,@chay_nascy 🇧🇷💚,15,"['🇧🇷', '💚']",[],381,tl,True,@user 🇧🇷💚,False,False,False,True,True,False,0.84,Afetivo,0.88,Positivo,0.86,False,True,False,,,flag_mixed_foreign,,,,,,,,,,,,,,,,,,,rule,,,,,,,,,,,,False
Bruno_Mars,Ainda não superei esse vídeo! 🇧🇷❤️,3 Me gusta,3,2025-10-08 19:23:45+00:00,BRUNO_MARS_0240,ainda não superei esse vídeo! 🇧🇷❤️,34,"['🇧🇷', '❤️']",[],335,pt,True,Ainda não superei esse vídeo! 🇧🇷❤️,False,False,False,True,True,False,0.92,Afetivo,0.95,Positivo,0.95,False,True,False,,,,False,False,False,True,True,False,Afetivo,Positivo,0.92,False,False,False,True,True,False,Afetivo,Positivo,0.92,llm_agreed,,,,,,,,,,,,False
Bruno_Mars,Volta 🇧🇷 🇧🇷,4 Me gusta,4,2026-01-10 04:22:54+00:00,BRUNO_MARS_4399,volta 🇧🇷 🇧🇷,11,['🇧🇷'],[],429,hu,True,Volta 🇧🇷 🇧🇷,False,False,False,True,True,False,0.9,Afetivo,0.92,Positivo,0.9,False,False,True,1.0,0.5454545454545454,,False,False,False,True,True,False,Afetivo,Positivo,0.85,False,False,False,False,True,False,Afetivo,Positivo,0.85,llm_reviewer,,,,,,,,,,,,False
Bruno_Mars,Feliz vidaaaaa,1 Me gusta,1,2025-10-08 21:23:11+00:00,BRUNO_MARS_0264,feliz vidaaaaa,14,[],[],335,nl,False,Feliz vidaaaaa,False,False,False,False,False,True,0.75,Afetivo,0.85,Positivo,0.85,False,True,False,,,,False,False,False,False,False,True,Afetivo,Positivo,0.75,False,False,False,False,False,True,Afetivo,Positivo,0.68,llm_agreed,,,,,,,,,,,,False
Bruno_Mars,😍🇧🇷📍,2 Me gusta,2,2026-01-24 22:45:50+00:00,BRUNO_MARS_5538,😍🇧🇷📍,4,"['😍', '📍', '🇧🇷']",[],443,,True,😍🇧🇷📍,False,False,False,False,True,False,0.86,Afetivo,0.88,Positivo,0.86,False,True,False,,,flag_location,,,,,,,,,,,,,,,,,,,rule,,,,,,,,,,,,False
CR7,😍😍😍😍,1 Me gusta,1,2025-08-17 12:23:39+00:00,CR7_2477,😍😍😍😍,4,['😍'],[],962,,False,😍😍😍😍,False,False,False,True,False,False,0.84,Afetivo,0.88,Positivo,0.86,False,True,False,,,affect_combo_foreign,,,,,,,,,,,,,,,,,,,rule,,,,,,,,,,,,False
CR7,Duas lendas!👏👏,0,0,2023-01-04 19:13:24+00:00,CR7_0890,duas lendas!👏👏,14,['👏'],[],6,pt,True,Duas lendas!👏👏,True,False,False,False,False,False,0.9,Afetivo,0.9,Positivo,0.9,False,True,False,,,,True,False,False,False,False,False,Afetivo,Positivo,0.9,True,False,False,False,False,False,Afetivo,Positivo,0.88,llm_agreed,,,,,,,,,,,,False
CR7,❤️,0,0,2023-01-07 16:59:53+00:00,CR7_1178,❤️,2,['❤️'],[],9,,False,❤️,False,False,False,True,False,False,0.84,Afetivo,0.88,Positivo,0.86,False,True,False,,,affect_heart_foreign,,,,,,,,,,,,,,,,,,,rule,,,,,,,,,,,,False
CR7,🕊✨,0,0,2023-01-03 05:47:15+00:00,CR7_0486,🕊✨,2,"['✨', '🕊']",[],5,,False,🕊✨,True,False,False,True,False,False,0.88,Afetivo,0.92,Positivo,0.78,False,False,True,0.5454545454545454,1.0,,True,False,False,False,False,False,Afetivo,Positivo,0.92,True,False,False,True,False,False,Afetivo,Neutro,0.85,llm_reviewer,,,,,,,,,,,,False
CR7,😢,0,0,2023-01-03 17:08:50+00:00,CR7_0648,😢,1,['😢'],[],5,,False,😢,False,False,False,True,False,False,0.84,Afetivo,0.88,Positivo,0.86,False,True,False,,,affect_combo_foreign,,,,,,,,,,,,,,,,,,,rule,,,,,,,,,,,,False
CR7,😢😍😮😂🔥🙌,0,0,2023-02-04 01:29:07+00:00,CR7_1674,😢😍😮😂🔥🙌,6,"['😍', '🙌', '🔥', '😢', '😂', '😮']",[],37,,False,😢😍😮😂🔥🙌,True,False,False,True,False,False,0.82,Afetivo,0.88,Negativo,0.7,False,True,False,,,,True,False,False,True,False,False,Afetivo,Negativo,0.82,True,False,False,True,False,False,Afetivo,Positivo,0.85,llm_agreed,,,,,,,,,,,,False
CR7,😭😭😭😭,0,0,2023-01-03 14:17:07+00:00,CR7_0597,😭😭😭😭,4,['😭'],[],5,,False,😭😭😭😭,False,False,False,True,False,False,0.84,Afetivo,0.88,Positivo,0.86,False,True,False,,,affect_combo_foreign,,,,,,,,,,,,,,,,,,,rule,,,,,,,,,,,,False
CR7,🙏🇧🇷❤️,0,0,2023-01-02 13:42:45+00:00,CR7_0179,🙏🇧🇷❤️,5,"['🙏', '🇧🇷', '❤️']",[],4,,True,🙏🇧🇷❤️,False,False,False,True,True,False,0.84,Afetivo,0.88,Positivo,0.86,False,True,False,,,flag_mixed_foreign,,,,,,,,,,,,,,,,,,,rule,,,,,,,,,,,,False
CR7,😢😢,0,0,2023-01-27 03:35:54+00:00,CR7_1624,😢😢,2,['😢'],[],29,,False,😢😢,False,False,False,True,False,False,0.84,Afetivo,0.88,Positivo,0.86,False,True,False,,,affect_combo_foreign,,,,,,,,,,,,,,,,,,,rule,,,,,,,,,,,,False
CR7,👏👏👏👏👏🙏🏻🙏🏻🙏🏻,0,0,2023-01-08 00:03:57+00:00,CR7_1214,👏👏👏👏👏🙏🏻🙏🏻🙏🏻,11,"['🙏🏻', '👏']",[],10,,False,👏👏👏👏👏🙏🏻🙏🏻🙏🏻,True,False,False,False,False,False,0.95,Afetivo,0.92,Positivo,0.92,False,True,False,,,,True,False,False,False,False,False,Afetivo,Positivo,0.95,True,False,False,False,False,False,Afetivo,Positivo,0.92,llm_agreed,,,,,,,,,,,,False
CR7,❤️,0,0,2023-01-06 23:06:49+00:00,CR7_1126,❤️,2,['❤️'],[],8,,False,❤️,False,False,False,True,False,False,0.84,Afetivo,0.88,Positivo,0.86,False,True,False,,,affect_heart_foreign,,,,,,,,,,,,,,,,,,,rule,,,,,,,,,,,,False
CR7,Mandonna,0,0,2023-02-26 19:17:20+00:00,CR7_1799,mandonna,8,[],[],59,,True,Mandonna,True,False,False,False,False,False,0.85,Cognitivo,0.78,Neutro,0.7,False,False,True,0.5454545454545454,1.0,,True,False,False,False,True,False,Cognitivo,Neutro,0.78,True,False,False,False,False,False,Cognitivo,Neutro,0.8,llm_reviewer,,,,,,,,,,,,False
CR7,⠛⠛⣿⣿⣿⣿⣿⡷⢶⣦⣶⣶⣤⣤⣤⣀⠀⠀⠀ ⠀⠀⠀⣿⣿⣿⣿⣿⣿⣿⣿⣿⣿⣿⣿⣿⣿⣷⡀⠀ ⠀⠀⠀⠉⠉⠉⠙⠻⣿⣿⠿⠿⠛⠛⠛⠻⣿⣿⣇⠀ ⠀⠀⢤⣀⣀⣀⠀⠀⢸⣷⡄⠀⣁⣀⣤⣴⣿⣿⣿⣆ ⠀⠀⠀⠀⠹⠏⠀⠀⠀⣿⣧⠀⠹⣿⣿⣿⣿⣿⡿⣿ ⠀⠀⠀⠀⠀⠀⠀⠀⠀⠛⠿⠇⢀⣼⣿⣿⠛⢯⡿⡟ ⠀⠀⠀⠀⠀⠀⠀⠀⠀⠀⠦⠴⢿⢿⣿⡿⠷⠀⣿⠀ ⠀⠀⠀⠀⠀⠀⠀⠙⣷⣶⣶⣤⣤⣤⣤⣤⣶⣦⠃⠀ ⠀⠀⠀⠀⠀⠀⠀⢐⣿⣾⣿⣿⣿⣿⣿⣿⣿⣿⠀⠀ ⠀⠀⠀⠀⠀⠀⠀⠈⣿⣿⣿⣿⣿⣿⣿⣿⣿⡇⠀⠀ ⠀⠀⠀⠀⠀⠀⠀⠀⠀⠙⠻⢿⣿⣿⣿⣿⠟⠁,0,0,2023-05-06 06:40:28+00:00,CR7_1948,⠛⠛⣿⣿⣿⣿⣿⡷⢶⣦⣶⣶⣤⣤⣤⣀⠀⠀⠀ ⠀⠀⠀⣿⣿⣿⣿⣿⣿⣿⣿⣿⣿⣿⣿⣿⣿⣷⡀⠀ ⠀⠀⠀⠉⠉⠉⠙⠻⣿⣿⠿⠿⠛⠛⠛⠻⣿⣿⣇⠀ ⠀⠀⢤⣀⣀⣀⠀⠀⢸⣷⡄⠀⣁⣀⣤⣴⣿⣿⣿⣆ ⠀⠀⠀⠀⠹⠏⠀⠀⠀⣿⣧⠀⠹⣿⣿⣿⣿⣿⡿⣿ ⠀⠀⠀⠀⠀⠀⠀⠀⠀⠛⠿⠇⢀⣼⣿⣿⠛⢯⡿⡟ ⠀⠀⠀⠀⠀⠀⠀⠀⠀⠀⠦⠴⢿⢿⣿⡿⠷⠀⣿⠀ ⠀⠀⠀⠀⠀⠀⠀⠙⣷⣶⣶⣤⣤⣤⣤⣤⣶⣦⠃⠀ ⠀⠀⠀⠀⠀⠀⠀⢐⣿⣾⣿⣿⣿⣿⣿⣿⣿⣿⠀⠀ ⠀⠀⠀⠀⠀⠀⠀⠈⣿⣿⣿⣿⣿⣿⣿⣿⣿⡇⠀⠀ ⠀⠀⠀⠀⠀⠀⠀⠀⠀⠙⠻⢿⣿⣿⣿⣿⠟⠁,227,[],[],128,,False,⠛⠛⣿⣿⣿⣿⣿⡷⢶⣦⣶⣶⣤⣤⣤⣀⠀⠀⠀ ⠀⠀⠀⣿⣿⣿⣿⣿⣿⣿⣿⣿⣿⣿⣿⣿⣿⣷⡀⠀ ⠀⠀⠀⠉⠉⠉⠙⠻⣿⣿⠿⠿⠛⠛⠛⠻⣿⣿⣇⠀ ⠀⠀⢤⣀⣀⣀⠀⠀⢸⣷⡄⠀⣁⣀⣤⣴⣿⣿⣿⣆ ⠀⠀⠀⠀⠹⠏⠀⠀⠀⣿⣧⠀⠹⣿⣿⣿⣿⣿⡿⣿ ⠀⠀⠀⠀⠀⠀⠀⠀⠀⠛⠿⠇⢀⣼⣿⣿⠛⢯⡿⡟ ⠀⠀⠀⠀⠀⠀⠀⠀⠀⠀⠦⠴⢿⢿⣿⡿⠷⠀⣿⠀ ⠀⠀⠀⠀⠀⠀⠀⠙⣷⣶⣶⣤⣤⣤⣤⣤⣶⣦⠃⠀ ⠀⠀⠀⠀⠀⠀⠀⢐⣿⣾⣿⣿⣿⣿⣿⣿⣿⣿⠀⠀ ⠀⠀⠀⠀⠀⠀⠀⠈⣿⣿⣿⣿⣿⣿⣿⣿⣿⡇⠀⠀ ⠀⠀⠀⠀⠀⠀⠀⠀⠀⠙⠻⢿⣿⣿⣿⣿⠟⠁,True,False,False,False,False,False,0.88,Afetivo,0.9,Positivo,0.85,False,False,True,1.0,0.0,,True,False,False,False,False,False,Afetivo,Positivo,0.85,False,False,False,False,False,True,Afetivo,Positivo,0.75,llm_reviewer,,,,,,,,,,,,False
CR7,Rei,0,0,2023-01-05 01:25:52+00:00,CR7_0943,rei,3,[],[],7,,False,Rei,True,False,False,False,False,False,0.9,Afetivo,0.95,Positivo,0.95,False,True,False,,,,True,False,False,False,False,False,Afetivo,Positivo,0.9,True,False,False,False,False,False,Afetivo,Positivo,0.92,llm_agreed,,,,,,,,,,,,False
CR7,Grande 👏,0,0,2023-01-02 22:24:14+00:00,CR7_0388,grande 👏,8,['👏'],[],4,,False,Grande 👏,True,False,False,False,False,False,0.85,Afetivo,0.92,Positivo,0.9,False,True,False,,,,True,False,False,False,False,False,Afetivo,Positivo,0.85,True,False,False,False,False,False,Afetivo,Positivo,0.92,llm_agreed,,,,,,,,,,,,False
CR7,ВЕЛИКОЕ ФОТО,6 Me gusta,6,2023-10-31 12:10:33+00:00,CR7_2051,великое фото,12,[],[],306,mk,False,ВЕЛИКОЕ ФОТО,True,False,False,True,False,False,0.72,Afetivo,0.9,Positivo,0.95,True,False,True,0.5454545454545454,0.0,,True,False,False,False,False,False,Afetivo,Positivo,0.8,False,False,False,False,False,True,Afetivo,Positivo,0.72,llm_reviewer,,,,,,,,,,,,False
CR7,👏👏👏👏👏👏🔥🔥🔥😮😮,0,0,2023-01-09 18:31:04+00:00,CR7_1284,👏👏👏👏👏👏🔥🔥🔥😮😮,11,"['🔥', '👏', '😮']",[],11,,False,👏👏👏👏👏👏🔥🔥🔥😮😮,True,False,False,False,False,False,0.82,Afetivo,0.92,Positivo,0.92,False,True,False,,,,True,False,False,False,False,False,Afetivo,Positivo,0.82,True,False,False,False,False,False,Afetivo,Positivo,0.92,llm_agreed,,,,,,,,,,,,False
CR7,❤️,0,0,2023-01-02 19:38:03+00:00,CR7_0319,❤️,2,['❤️'],[],4,,False,❤️,False,False,False,True,False,False,0.84,Afetivo,0.88,Positivo,0.86,False,True,False,,,affect_heart_foreign,,,,,,,,,,,,,,,,,,,rule,,,,,,,,,,,,False
CR7,I love Ronaldo cr 7,15 Me gusta,15,2023-01-03 21:30:29+00:00,CR7_0728,i love ronaldo cr 7,19,[],[],5,it,False,I love Ronaldo cr 7,False,False,False,False,False,True,0.75,Afetivo,0.85,Positivo,0.85,False,True,False,,,,False,False,False,False,False,True,Afetivo,Positivo,0.75,False,False,False,False,False,True,Afetivo,Positivo,0.75,llm_agreed,,,,,,,,,,,,False
CR7,Ídolo ❤️,0,0,2023-01-03 18:10:27+00:00,CR7_0663,ídolo ❤️,8,['❤️'],[],5,,False,Ídolo ❤️,True,False,False,False,False,False,0.92,Afetivo,0.95,Positivo,0.95,False,True,False,,,,True,False,False,False,False,False,Afetivo,Positivo,0.92,True,False,False,False,False,False,Afetivo,Positivo,0.85,llm_agreed,,,,,,,,,,,,False
CR7,❤️❤️❤️,2 Me gusta,2,2025-05-03 18:26:29+00:00,CR7_2413,❤️❤️❤️,6,['❤️'],[],856,,False,❤️❤️❤️,False,False,False,True,False,False,0.84,Afetivo,0.88,Positivo,0.86,False,True,False,,,affect_heart_foreign,,,,,,,,,,,,,,,,,,,rule,,,,,,,,,,,,False
CR7,😢,0,0,2023-01-03 01:19:49+00:00,CR7_0436,😢,1,['😢'],[],5,,False,😢,False,False,False,True,False,False,0.84,Afetivo,0.88,Positivo,0.86,False,True,False,,,affect_combo_foreign,,,,,,,,,,,,,,,,,,,rule,,,,,,,,,,,,False
CR7,🙏🙏🙏🙏🙏🙏,2 Me gusta,2,2023-01-03 20:07:41+00:00,CR7_0701,🙏🙏🙏🙏🙏🙏,6,['🙏'],[],5,,False,🙏🙏🙏🙏🙏🙏,False,False,False,True,False,False,0.84,Afetivo,0.88,Positivo,0.86,False,True,False,,,affect_combo_foreign,,,,,,,,,,,,,,,,,,,rule,,,,,,,,,,,,False
CR7,I❤️🔥,0,0,2023-01-06 11:00:45+00:00,CR7_1076,i❤️🔥,4,"['🔥', '❤️']",[],8,,False,I❤️🔥,True,False,False,True,False,False,0.9,Afetivo,0.92,Positivo,0.9,False,False,True,0.5454545454545454,1.0,,True,False,False,False,False,False,Afetivo,Positivo,0.92,True,False,False,True,False,False,Afetivo,Positivo,0.8,llm_reviewer,,,,,,,,,,,,False
CR7,goats,0,0,2023-01-03 08:01:31+00:00,CR7_0508,goats,5,[],[],5,,False,goats,True,False,False,False,False,False,0.85,Afetivo,0.9,Positivo,0.9,False,True,False,,,,True,False,False,False,False,False,Afetivo,Positivo,0.85,True,False,False,False,False,False,Afetivo,Positivo,0.85,llm_agreed,,,,,,,,,,,,False
CR7,😢,4 Me gusta,4,2023-01-03 20:50:03+00:00,CR7_0720,😢,1,['😢'],[],5,,False,😢,False,False,False,True,False,False,0.84,Afetivo,0.88,Positivo,0.86,False,True,False,,,affect_combo_foreign,,,,,,,,,,,,,,,,,,,rule,,,,,,,,,,,,False
CR7,I'm sorry for you ronaldo I know this hurts keep your head up LONG LIVE THE LEGEND💔,0,0,2023-09-29 22:02:18+00:00,CR7_2040,i'm sorry for you ronaldo i know this hurts keep your head up long live the legend💔,83,['💔'],[],274,en,False,I'm sorry for you ronaldo I know this hurts keep your head up LONG LIVE THE LEGEND💔,True,False,False,True,False,False,0.85,Afetivo,0.92,Positivo,0.82,False,True,False,,,,True,False,False,True,False,False,Afetivo,Positivo,0.85,True,False,False,True,False,False,Afetivo,Positivo,0.92,llm_agreed,,,,,,,,,,,,False
CR7,Feisali😮,0,0,2023-01-06 10:22:44+00:00,CR7_1072,feisali😮,8,['😮'],[],8,,False,Feisali😮,False,False,False,False,False,True,0.75,Afetivo,0.85,Neutro,0.6,False,True,False,,,,False,False,False,False,False,True,Afetivo,Neutro,0.75,False,False,False,False,False,True,Afetivo,Neutro,0.6,llm_agreed,,,,,,,,,,,,False
CR7,😢😢😢😢,0,0,2025-08-19 10:46:38+00:00,CR7_2481,😢😢😢😢,4,['😢'],[],964,,False,😢😢😢😢,False,False,False,True,False,False,0.84,Afetivo,0.88,Positivo,0.86,False,True,False,,,affect_combo_foreign,,,,,,,,,,,,,,,,,,,rule,,,,,,,,,,,,False
CR7,🐐🐐👏,3 Me gusta,3,2024-07-11 01:18:18+00:00,CR7_2196,🐐🐐👏,3,"['🐐', '👏']",[],560,,False,🐐🐐👏,True,False,False,False,False,False,0.85,Afetivo,0.92,Positivo,0.92,False,True,False,,,,True,False,False,False,False,False,Afetivo,Positivo,0.85,True,False,False,False,False,False,Afetivo,Positivo,0.92,llm_agreed,,,,,,,,,,,,False
CR7,King 👑❤️,0,0,2023-01-03 13:46:42+00:00,CR7_0582,king 👑❤️,8,"['❤️', '👑']",[],5,,False,King 👑❤️,True,False,False,False,False,False,0.78,Afetivo,0.88,Positivo,0.88,False,True,False,,,,True,False,False,False,False,False,Afetivo,Positivo,0.78,True,False,False,False,False,False,Afetivo,Positivo,0.92,llm_agreed,,,,,,,,,,,,False
CR7,رونالدو اسمع عندي لك زوجه ممتازه تعرف تطبخ وتدلعك بس مهرها ٧٠٠ الف,0,0,2023-08-08 00:49:46+00:00,CR7_2013,رونالدو اسمع عندي لك زوجه ممتازه تعرف تطبخ وتدلعك بس مهرها ٧٠٠ الف,66,[],[],222,ar,False,رونالدو اسمع عندي لك زوجه ممتازه تعرف تطبخ وتدلعك بس مهرها ٧٠٠ الف,False,False,False,False,False,True,0.85,Cognitivo,0.6,Neutro,0.6,False,True,False,,,,False,False,False,False,False,True,Cognitivo,Neutro,0.85,False,False,False,False,False,True,Afetivo,Neutro,0.0,llm_agreed,,,,,,,,,,,,False
CR7,🙌🙌,0,0,2023-01-02 03:06:28+00:00,CR7_0045,🙌🙌,2,['🙌'],[],4,,False,🙌🙌,False,False,False,True,False,False,0.84,Afetivo,0.88,Positivo,0.86,False,True,False,,,affect_combo_foreign,,,,,,,,,,,,,,,,,,,rule,,,,,,,,,,,,False
CR7,👏🏼⚽️🙏🏼,6 Me gusta,6,2023-01-03 22:41:06+00:00,CR7_0743,👏🏼⚽️🙏🏼,6,"['👏🏼', '⚽', '🙏🏼']",[],5,,False,👏🏼⚽️🙏🏼,True,False,False,False,False,False,0.9,Afetivo,0.9,Positivo,0.9,False,True,False,,,,True,False,False,False,False,False,Afetivo,Positivo,0.9,True,False,False,False,False,False,Afetivo,Positivo,0.9,llm_agreed,,,,,,,,,,,,False
CR7,❤️,0,0,2023-01-10 02:27:43+00:00,CR7_1300,❤️,2,['❤️'],[],12,,False,❤️,False,False,False,True,False,False,0.84,Afetivo,0.88,Positivo,0.86,False,True,False,,,affect_heart_foreign,,,,,,,,,,,,,,,,,,,rule,,,,,,,,,,,,False
CR7,💔🖤,0,0,2023-01-02 05:20:13+00:00,CR7_0074,💔🖤,2,"['💔', '🖤']",[],4,,False,💔🖤,True,False,False,False,False,False,0.92,Afetivo,0.9,Negativo,0.85,False,True,False,,,,True,False,False,False,False,False,Afetivo,Negativo,0.92,True,False,False,False,False,False,Afetivo,Negativo,0.92,llm_agreed,,,,,,,,,,,,False
CR7,Melhor do Portugal para o melhor do Brasil ❤️,0,0,2023-01-02 14:04:22+00:00,CR7_0195,melhor do portugal para o melhor do brasil ❤️,45,['❤️'],[],4,pt,True,Melhor do Portugal para o melhor do Brasil ❤️,True,False,False,False,True,False,0.85,Afetivo,0.92,Positivo,0.92,False,True,False,,,,True,False,False,False,True,False,Afetivo,Positivo,0.85,True,False,False,False,True,False,Afetivo,Positivo,0.85,llm_agreed,,,,,,,,,,,,False
CR7,❤️❤️,0,0,2023-01-03 10:31:34+00:00,CR7_0533,❤️❤️,4,['❤️'],[],5,,False,❤️❤️,False,False,False,True,False,False,0.84,Afetivo,0.88,Positivo,0.86,False,True,False,,,affect_heart_foreign,,,,,,,,,,,,,,,,,,,rule,,,,,,,,,,,,False
CR7,😭😭😭,0,0,2023-02-06 01:53:49+00:00,CR7_1707,😭😭😭,3,['😭'],[],39,,False,😭😭😭,False,False,False,True,False,False,0.84,Afetivo,0.88,Positivo,0.86,False,True,False,,,affect_combo_foreign,,,,,,,,,,,,,,,,,,,rule,,,,,,,,,,,,False
CR7,Both amazing,1 Me gusta,1,2024-04-27 12:38:58+00:00,CR7_2116,both amazing,12,[],[],485,en,False,Both amazing,True,False,False,True,False,False,0.8,Afetivo,0.85,Positivo,0.9,False,True,False,,,,True,False,False,True,False,False,Afetivo,Positivo,0.8,True,False,False,True,False,False,Afetivo,Positivo,0.8,llm_agreed,,,,,,,,,,,,False
CR7,មក,0,0,2023-01-14 08:37:18+00:00,CR7_1450,មក,2,[],[],16,,False,មក,False,False,False,False,False,True,0.72,Cognitivo,0.7,Neutro,0.7,False,True,False,,,,False,False,False,False,False,True,Cognitivo,Neutro,0.72,False,False,False,False,False,True,Afetivo,Neutro,0.0,llm_agreed,,,,,,,,,,,,False
CR7,👏👏👏,0,0,2023-01-06 23:28:36+00:00,CR7_1128,👏👏👏,3,['👏'],[],8,,False,👏👏👏,False,False,False,True,False,False,0.84,Afetivo,0.88,Positivo,0.86,False,True,False,,,affect_clap_foreign,,,,,,,,,,,,,,,,,,,rule,,,,,,,,,,,,False
CR7,RIP King,0,0,2023-01-03 01:53:32+00:00,CR7_0446,rip king,8,[],[],5,,False,RIP King,True,False,False,False,False,False,0.85,Afetivo,0.92,Positivo,0.85,False,True,False,,,,True,False,False,False,False,False,Afetivo,Positivo,0.85,True,False,False,False,False,False,Afetivo,Positivo,0.92,llm_agreed,,,,,,,,,,,,False
CR7,Ць,1 Me gusta,1,2023-01-30 05:44:26+00:00,CR7_1645,ць,2,[],[],32,,False,Ць,True,False,False,False,False,False,0.7,Cognitivo,0.6,Neutro,0.6,False,True,False,,,,True,False,False,False,False,False,Cognitivo,Neutro,0.7,True,False,False,False,False,False,Afetivo,Positivo,0.85,llm_agreed,,,,,,,,,,,,False
CR7,lindos,0,0,2023-01-02 03:47:42+00:00,CR7_0057,lindos,6,[],[],4,,False,lindos,True,False,False,False,False,False,0.82,Afetivo,0.85,Positivo,0.88,False,True,False,,,,True,False,False,False,False,False,Afetivo,Positivo,0.82,True,False,False,False,False,False,Afetivo,Positivo,0.8,llm_agreed,,,,,,,,,,,,False
CR7,👏❤️,0,0,2023-01-02 23:34:28+00:00,CR7_0408,👏❤️,3,"['👏', '❤️']",[],4,,False,👏❤️,False,False,False,True,False,False,0.84,Afetivo,0.88,Positivo,0.86,False,True,False,,,affect_combo_foreign,,,,,,,,,,,,,,,,,,,rule,,,,,,,,,,,,False
CR7,❤️,0,0,2023-04-01 10:34:13+00:00,CR7_1898,❤️,2,['❤️'],[],93,,False,❤️,False,False,False,True,False,False,0.84,Afetivo,0.88,Positivo,0.86,False,True,False,,,affect_heart_foreign,,,,,,,,,,,,,,,,,,,rule,,,,,,,,,,,,False
CR7,نن,1 Me gusta,1,2023-01-04 11:49:21+00:00,CR7_0835,نن,2,[],[],6,,False,نن,True,False,False,False,False,False,0.75,Afetivo,0.7,Positivo,0.7,False,True,False,,,,True,False,False,False,False,False,Afetivo,Positivo,0.75,True,False,False,False,False,False,Cognitivo,Neutro,0.8,llm_agreed,,,,,,,,,,,,False
CR7,Both Legends in one frame ❤️,3 Me gusta,3,2024-06-17 09:06:00+00:00,CR7_2158,both legends in one frame ❤️,28,['❤️'],[],536,en,False,Both Legends in one frame ❤️,True,False,False,True,False,False,0.94,Afetivo,0.93,Positivo,0.95,False,False,True,0.5454545454545454,1.0,,True,False,False,False,False,False,Afetivo,Positivo,0.92,True,False,False,True,False,False,Afetivo,Positivo,0.92,llm_reviewer,,,,,,,,,,,,False
CR7,😢😕,0,0,2023-04-01 06:12:00+00:00,CR7_1897,😢😕,2,"['😕', '😢']",[],93,,False,😢😕,True,False,False,False,False,False,0.85,Afetivo,0.85,Negativo,0.85,False,True,False,,,,True,False,False,False,False,False,Afetivo,Negativo,0.85,True,False,False,False,False,False,Afetivo,Negativo,0.82,llm_agreed,,,,,,,,,,,,False
CR7,💔💔,0,0,2023-01-17 14:37:07+00:00,CR7_1513,💔💔,2,['💔'],[],19,,False,💔💔,True,False,False,False,False,False,0.92,Afetivo,0.95,Negativo,0.92,False,True,False,,,,True,False,False,False,False,False,Afetivo,Negativo,0.92,True,False,False,False,False,False,Afetivo,Negativo,0.85,llm_agreed,,,,,,,,,,,,False
CR7,👏👏👏👏👏👏❤️,0,0,2023-01-07 16:09:47+00:00,CR7_1175,👏👏👏👏👏👏❤️,8,"['👏', '❤️']",[],9,,False,👏👏👏👏👏👏❤️,False,False,False,True,False,False,0.84,Afetivo,0.88,Positivo,0.86,False,True,False,,,affect_combo_foreign,,,,,,,,,,,,,,,,,,,rule,,,,,,,,,,,,False
CR7,🏆🇧🇷🐏💔👑pele,0,0,2023-01-14 15:13:04+00:00,CR7_1462,🏆🇧🇷🐏💔👑pele,10,"['💔', '🇧🇷', '👑', '🏆', '🐏']",[],16,ca,True,🏆🇧🇷🐏💔👑pele,True,False,False,True,False,False,0.82,Afetivo,0.92,Positivo,0.78,True,False,True,0.16666666666666663,0.5454545454545454,,True,False,False,False,True,False,Afetivo,Positivo,0.85,True,False,False,False,False,False,Afetivo,Negativo,0.92,llm_reviewer,,,,,,,,,,,,False
CR7,🙌 no,0,0,2023-01-04 20:05:21+00:00,CR7_0904,🙌 no,4,['🙌'],[],6,,False,🙌 no,True,False,False,False,False,False,0.75,Afetivo,0.85,Positivo,0.8,False,True,False,,,,True,False,False,False,False,False,Afetivo,Positivo,0.75,True,False,False,False,False,False,Afetivo,Positivo,0.92,llm_agreed,,,,,,,,,,,,False
CR7,❤️❤️❤️❤️❤️❤️❤️,1 Me gusta,1,2025-03-21 00:06:47+00:00,CR7_2359,❤️❤️❤️❤️❤️❤️❤️,14,['❤️'],[],813,,False,❤️❤️❤️❤️❤️❤️❤️,False,False,False,True,False,False,0.84,Afetivo,0.88,Positivo,0.86,False,True,False,,,affect_heart_foreign,,,,,,,,,,,,,,,,,,,rule,,,,,,,,,,,,False
CR7,Pelé amigo de Cristiano Ronaldo des cance e passe Pelé,0,0,2023-01-26 17:25:21+00:00,CR7_1617,pelé amigo de cristiano ronaldo des cance e passe pelé,54,[],[],28,pt,True,Pelé amigo de Cristiano Ronaldo des cance e passe Pelé,True,False,False,True,False,False,0.88,Afetivo,0.9,Positivo,0.88,True,False,True,0.6153846153846154,0.16666666666666663,,True,False,False,True,True,False,Cognitivo,Neutro,0.78,True,False,False,False,True,False,Afetivo,Positivo,0.88,llm_reviewer,,,,,,,,,,,,False
CR7,👏👏👏👏,0,0,2023-01-03 18:28:18+00:00,CR7_0669,👏👏👏👏,4,['👏'],[],5,,True,👏👏👏👏,False,False,False,True,False,False,0.84,Afetivo,0.88,Positivo,0.86,False,True,False,,,affect_clap_foreign,,,,,,,,,,,,,,,,,,,rule,,,,,,,,,,,,False
CR7,🙌🙌🙌🙌🙌🙌,2 Me gusta,2,2023-01-03 23:58:46+00:00,CR7_0762,🙌🙌🙌🙌🙌🙌,6,['🙌'],[],5,,False,🙌🙌🙌🙌🙌🙌,False,False,False,True,False,False,0.84,Afetivo,0.88,Positivo,0.86,False,True,False,,,affect_combo_foreign,,,,,,,,,,,,,,,,,,,rule,,,,,,,,,,,,False
CR7,😢,2 Me gusta,2,2024-06-06 14:34:36+00:00,CR7_2150,😢,1,['😢'],[],525,,False,😢,False,False,False,True,False,False,0.84,Afetivo,0.88,Positivo,0.86,False,True,False,,,affect_combo_foreign,,,,,,,,,,,,,,,,,,,rule,,,,,,,,,,,,False
CR7,❤️🔥❤️🔥,0,0,2023-02-10 19:27:27+00:00,CR7_1721,❤️🔥❤️🔥,6,"['🔥', '❤️']",[],43,,False,❤️🔥❤️🔥,False,False,False,True,False,False,0.84,Afetivo,0.88,Positivo,0.86,False,True,False,,,affect_combo_foreign,,,,,,,,,,,,,,,,,,,rule,,,,,,,,,,,,False
CR7,👏👏😢😮,0,0,2023-01-08 06:05:55+00:00,CR7_1223,👏👏😢😮,4,"['👏', '😮', '😢']",[],10,,False,👏👏😢😮,True,False,False,False,False,False,0.9,Afetivo,0.9,Positivo,0.8,False,True,False,,,,True,False,False,False,False,False,Afetivo,Positivo,0.9,True,False,False,False,False,False,Afetivo,Positivo,0.92,llm_agreed,,,,,,,,,,,,False
CR7,RIP LEGEND 👏🏾🙏🏾🙏🏾⚘,0,0,2023-01-05 11:19:33+00:00,CR7_0974,rip legend 👏🏾🙏🏾🙏🏾⚘,18,"['🙏🏾', '👏🏾']",[],7,nl,False,RIP LEGEND 👏🏾🙏🏾🙏🏾⚘,True,False,False,False,False,False,0.85,Afetivo,0.9,Positivo,0.9,False,True,False,,,,True,False,False,False,False,False,Afetivo,Positivo,0.85,True,False,False,False,False,False,Afetivo,Positivo,0.9,llm_agreed,,,,,,,,,,,,False
CR7,😢😢👏❤️,0,0,2023-01-21 01:08:25+00:00,CR7_1561,😢😢👏❤️,5,"['👏', '❤️', '😢']",[],23,,False,😢😢👏❤️,False,False,False,True,False,False,0.84,Afetivo,0.88,Positivo,0.86,False,True,False,,,affect_combo_foreign,,,,,,,,,,,,,,,,,,,rule,,,,,,,,,,,,False
CR7,عشقا❤️🔥,2 Me gusta,2,2025-10-26 14:49:11+00:00,CR7_2522,عشقا❤️🔥,7,"['🔥', '❤️']",[],1032,,False,عشقا❤️🔥,True,False,False,False,False,False,0.8,Afetivo,0.88,Positivo,0.92,False,True,False,,,,True,False,False,False,False,False,Afetivo,Positivo,0.8,True,False,False,False,False,False,Afetivo,Positivo,0.92,llm_agreed,,,,,,,,,,,,False
CR7,👏👏👏👏👏😍,3 Me gusta,3,2024-06-16 01:49:14+00:00,CR7_2157,👏👏👏👏👏😍,6,"['😍', '👏']",[],535,,False,👏👏👏👏👏😍,False,False,False,True,False,False,0.84,Afetivo,0.88,Positivo,0.86,False,True,False,,,affect_combo_foreign,,,,,,,,,,,,,,,,,,,rule,,,,,,,,,,,,False
CR7,2 0f the best players together,0,0,2023-02-19 21:53:37+00:00,CR7_1773,2 0f the best players together,30,[],[],52,en,False,2 0f the best players together,True,False,False,False,False,False,0.85,Afetivo,0.85,Positivo,0.85,False,True,False,,,,True,False,False,False,False,False,Afetivo,Positivo,0.85,True,False,False,False,False,False,Afetivo,Positivo,0.75,llm_agreed,,,,,,,,,,,,False
CR7,👏👏👏👏👏👏👏👏👏👏👏,0,0,2023-01-06 05:38:57+00:00,CR7_1048,👏👏👏👏👏👏👏👏👏👏👏,11,['👏'],[],8,,False,👏👏👏👏👏👏👏👏👏👏👏,False,False,False,True,False,False,0.84,Afetivo,0.88,Positivo,0.86,False,True,False,,,affect_clap_foreign,,,,,,,,,,,,,,,,,,,rule,,,,,,,,,,,,False
CR7,Rip pelé,0,0,2023-01-19 19:27:42+00:00,CR7_1539,rip pelé,8,[],[],21,,True,Rip pelé,True,False,False,False,False,False,0.9,Afetivo,0.9,Negativo,0.9,False,False,True,1.0,0.5454545454545454,,True,False,False,False,False,False,Afetivo,Negativo,0.88,True,False,False,False,True,False,Afetivo,Positivo,0.82,llm_reviewer,,,,,,,,,,,,False
CR7,❤️❤️❤️❤️,0,0,2023-01-02 16:09:38+00:00,CR7_0247,❤️❤️❤️❤️,8,['❤️'],[],4,,False,❤️❤️❤️❤️,False,False,False,True,False,False,0.84,Afetivo,0.88,Positivo,0.86,False,True,False,,,affect_heart_foreign,,,,,,,,,,,,,,,,,,,rule,,,,,,,,,,,,False
CR7,خدا رحمتش کنه روحش شاد😢💔,0,0,2023-01-02 05:04:56+00:00,CR7_0071,خدا رحمتش کنه روحش شاد😢💔,24,"['💔', '😢']",[],4,fa,False,خدا رحمتش کنه روحش شاد😢💔,True,False,False,False,False,False,0.85,Afetivo,0.95,Negativo,0.85,False,True,False,,,,True,False,False,False,False,False,Afetivo,Negativo,0.85,True,False,False,False,False,False,Afetivo,Positivo,0.85,llm_agreed,,,,,,,,,,,,False
CR7,❤️,0,0,2023-01-02 18:43:34+00:00,CR7_0299,❤️,2,['❤️'],[],4,,False,❤️,False,False,False,True,False,False,0.84,Afetivo,0.88,Positivo,0.86,False,True,False,,,affect_heart_foreign,,,,,,,,,,,,,,,,,,,rule,,,,,,,,,,,,False
CR7,What a great day ever,0,0,2023-01-17 11:17:23+00:00,CR7_1509,what a great day ever,21,[],[],19,en,False,What a great day ever,True,False,False,False,False,False,0.85,Afetivo,0.8,Positivo,0.85,False,True,False,,,,True,False,False,False,False,False,Afetivo,Positivo,0.85,True,False,False,False,False,False,Afetivo,Positivo,0.92,llm_agreed,,,,,,,,,,,,False
CR7,The best of the best in a pic,0,0,2023-01-02 15:44:17+00:00,CR7_0240,the best of the best in a pic,29,[],[],4,en,False,The best of the best in a pic,True,False,False,False,False,False,0.85,Afetivo,0.92,Positivo,0.92,False,True,False,,,,True,False,False,False,False,False,Afetivo,Positivo,0.85,True,False,False,False,False,False,Afetivo,Positivo,0.92,llm_agreed,,,,,,,,,,,,False
CR7,🙏🏻😢💙,2 Me gusta,2,2023-01-04 00:32:09+00:00,CR7_0768,🙏🏻😢💙,4,"['🙏🏻', '💙', '😢']",[],6,,False,🙏🏻😢💙,True,False,False,False,False,False,0.85,Afetivo,0.85,Neutro,0.75,False,True,False,,,,True,False,False,False,False,False,Afetivo,Neutro,0.85,True,False,False,False,False,False,Afetivo,Neutro,0.85,llm_agreed,,,,,,,,,,,,False
CR7,👏,0,0,2024-11-28 02:43:42+00:00,CR7_2283,👏,1,['👏'],[],700,,False,👏,False,False,False,True,False,False,0.84,Afetivo,0.88,Positivo,0.86,False,True,False,,,affect_clap_foreign,,,,,,,,,,,,,,,,,,,rule,,,,,,,,,,,,False
CR7,🖤🖤🖤rip pele,0,0,2023-01-02 14:00:24+00:00,CR7_0189,🖤🖤🖤rip pele,11,['🖤'],[],4,ca,True,🖤🖤🖤rip pele,True,False,False,False,False,False,0.85,Afetivo,0.85,Negativo,0.8,False,True,False,,,,True,False,False,False,False,False,Afetivo,Negativo,0.85,True,False,False,False,False,False,Afetivo,Negativo,0.92,llm_agreed,,,,,,,,,,,,False
CR7,😢,0,0,2023-01-02 17:42:33+00:00,CR7_0283,😢,1,['😢'],[],4,,False,😢,False,False,False,True,False,False,0.84,Afetivo,0.88,Positivo,0.86,False,True,False,,,affect_combo_foreign,,,,,,,,,,,,,,,,,,,rule,,,,,,,,,,,,False
CR7,A mãe dele não sabe que ele morreu ela tem Sen anos eu sou 🇧🇷🇧🇷🇧🇷 Brasileira,4 Me gusta,4,2023-01-22 11:52:08+00:00,CR7_1577,a mãe dele não sabe que ele morreu ela tem sen anos eu sou 🇧🇷🇧🇷🇧🇷 brasileira,76,['🇧🇷'],[],24,pt,True,A mãe dele não sabe que ele morreu ela tem Sen anos eu sou 🇧🇷🇧🇷🇧🇷 Brasileira,True,False,False,False,True,False,0.82,Afetivo,0.8,Positivo,0.8,False,True,False,,,,True,False,False,False,True,False,Afetivo,Positivo,0.82,True,False,False,False,True,False,Afetivo,Neutro,0.85,llm_agreed,,,,,,,,,,,,False
CR7,🙌🙌🙌,3 Me gusta,3,2023-01-03 22:24:08+00:00,CR7_0737,🙌🙌🙌,3,['🙌'],[],5,,False,🙌🙌🙌,False,False,False,True,False,False,0.84,Afetivo,0.88,Positivo,0.86,False,True,False,,,affect_combo_foreign,,,,,,,,,,,,,,,,,,,rule,,,,,,,,,,,,False
CR7,❤️❤️❤️,0,0,2023-03-06 12:54:56+00:00,CR7_1826,❤️❤️❤️,6,['❤️'],[],67,,False,❤️❤️❤️,False,False,False,True,False,False,0.84,Afetivo,0.88,Positivo,0.86,False,True,False,,,affect_heart_foreign,,,,,,,,,,,,,,,,,,,rule,,,,,,,,,,,,False
CR7,Siuuuu😢,0,0,2023-03-04 12:19:55+00:00,CR7_1815,siuuuu😢,7,['😢'],[],65,,False,Siuuuu😢,True,False,False,True,False,False,0.86,Afetivo,0.9,Positivo,0.72,True,False,True,0.5454545454545454,0.5454545454545454,,False,False,False,True,False,False,Afetivo,Positivo,0.82,True,False,False,False,False,False,Afetivo,Negativo,0.8,llm_reviewer,,,,,,,,,,,,False
CR7,❤️,0,0,2023-01-03 10:05:01+00:00,CR7_0528,❤️,2,['❤️'],[],5,,False,❤️,False,False,False,True,False,False,0.84,Afetivo,0.88,Positivo,0.86,False,True,False,,,affect_heart_foreign,,,,,,,,,,,,,,,,,,,rule,,,,,,,,,,,,False
CR7,👏 que lindo msj R7❤️👏,0,0,2023-01-03 19:22:20+00:00,CR7_0680,👏 que lindo msj r7❤️👏,21,"['👏', '❤️']",[],5,es,False,👏 que lindo msj R7❤️👏,False,False,False,True,False,False,0.8,Afetivo,0.85,Positivo,0.85,False,True,False,,,,False,False,False,True,False,False,Afetivo,Positivo,0.8,False,False,False,True,False,False,Afetivo,Positivo,0.85,llm_agreed,,,,,,,,,,,,False
Fernanda_Torres,Já ganhou tam tam tam 🏆,2 Me gusta,2,2025-01-25 17:51:22+00:00,FERNANDA_TORRES_0097,já ganhou tam tam tam 🏆,23,['🏆'],[],68,pt,True,Já ganhou tam tam tam 🏆,True,False,False,False,False,False,0.92,Afetivo,0.95,Positivo,0.95,False,True,False,,,,True,False,False,False,False,False,Afetivo,Positivo,0.92,True,False,False,False,False,False,Afetivo,Positivo,0.9,llm_agreed,,,,,,,,,,,,False
Fernanda_Torres,The champion 🇧🇷🏆❤️,1 Me gusta,1,2025-02-05 18:17:25+00:00,FERNANDA_TORRES_2413,the champion 🇧🇷🏆❤️,18,"['🇧🇷', '🏆', '❤️']",[],79,en,True,The champion 🇧🇷🏆❤️,True,False,False,False,False,False,0.94,Afetivo,0.94,Positivo,0.93,False,False,True,0.5454545454545454,1.0,,True,False,False,False,True,False,Afetivo,Positivo,0.8,True,False,False,False,False,False,Afetivo,Positivo,0.92,llm_reviewer,,,,,,,,,,,,False
Fernanda_Torres,🇧🇷🇧🇷🇧🇷,1 Me gusta,1,2025-02-15 06:05:43+00:00,FERNANDA_TORRES_3238,🇧🇷🇧🇷🇧🇷,6,['🇧🇷'],[],89,,True,🇧🇷🇧🇷🇧🇷,True,False,False,False,False,False,0.86,Afetivo,0.88,Positivo,0.86,False,True,False,,,flag_only_fernanda,,,,,,,,,,,,,,,,,,,rule,,,,,,,,,,,,False
Fernanda_Torres,🇧🇷😍👏,1 Me gusta,1,2025-01-28 18:16:23+00:00,FERNANDA_TORRES_0866,🇧🇷😍👏,4,"['🇧🇷', '👏', '😍']",[],71,,True,🇧🇷😍👏,True,False,False,False,False,False,0.86,Afetivo,0.88,Positivo,0.86,False,True,False,,,flag_mixed_fernanda,,,,,,,,,,,,,,,,,,,rule,,,,,,,,,,,,False
Fernanda_Torres,"congaratulations Fer,",0,0,2025-03-02 23:25:01+00:00,FERNANDA_TORRES_4005,"congaratulations fer,",21,[],[],104,en,False,"congaratulations Fer,",True,False,False,False,False,False,0.92,Afetivo,0.95,Positivo,0.95,False,True,False,,,,True,False,False,False,False,False,Afetivo,Positivo,0.92,True,False,False,False,False,False,Afetivo,Positivo,0.82,llm_agreed,,,,,,,,,,,,False
Fernanda_Torres,Ainda estamos engajando! 🇧🇷🇧🇷🇧🇷,5 Me gusta,5,2025-10-04 11:18:37+00:00,FERNANDA_TORRES_5396,ainda estamos engajando! 🇧🇷🇧🇷🇧🇷,31,['🇧🇷'],[],320,es,True,Ainda estamos engajando! 🇧🇷🇧🇷🇧🇷,True,False,False,False,False,False,0.9,Afetivo,0.9,Positivo,0.9,False,False,True,1.0,0.5454545454545454,,True,False,False,False,False,False,Afetivo,Positivo,0.92,True,False,False,False,True,False,Afetivo,Positivo,0.85,llm_reviewer,,,,,,,,,,,,False
Fernanda_Torres,"""Já Ganhou! TAN TAN TAN Já ganhou! TAN TAN TAN",2 Me gusta,2,2025-02-03 09:33:11+00:00,FERNANDA_TORRES_2182,"""já ganhou! tan tan tan já ganhou! tan tan tan",46,[],[],77,id,False,"""Já Ganhou! TAN TAN TAN Já ganhou! TAN TAN TAN",True,False,False,False,False,False,0.92,Afetivo,0.95,Positivo,0.93,False,True,False,,,,True,False,False,False,False,False,Afetivo,Positivo,0.92,True,False,False,False,False,False,Afetivo,Positivo,0.95,llm_agreed,,,,,,,,,,,,False
Fernanda_Torres,❤️❤️❤️❤️❤️❤️❤️❤️,1 Me gusta,1,2025-02-14 20:19:01+00:00,FERNANDA_TORRES_2955,❤️❤️❤️❤️❤️❤️❤️❤️,16,['❤️'],[],88,,False,❤️❤️❤️❤️❤️❤️❤️❤️,True,False,False,False,False,False,0.86,Afetivo,0.9,Positivo,0.88,False,True,False,,,affect_heart_fernanda,,,,,,,,,,,,,,,,,,,rule,,,,,,,,,,,,False
Fernanda_Torres,❤️👏🏆🇧🇷,1 Me gusta,1,2025-02-14 23:19:28+00:00,FERNANDA_TORRES_3033,❤️👏🏆🇧🇷,6,"['🏆', '🇧🇷', '👏', '❤️']",[],88,,True,❤️👏🏆🇧🇷,True,False,False,False,False,False,0.88,Afetivo,0.9,Positivo,0.88,False,True,False,,,flag_trophy_fernanda,,,,,,,,,,,,,,,,,,,rule,,,,,,,,,,,,False
Fernanda_Torres,😍😍😍😍,1 Me gusta,1,2025-02-14 22:29:18+00:00,FERNANDA_TORRES_3017,😍😍😍😍,4,['😍'],[],88,,False,😍😍😍😍,True,False,False,False,False,False,0.86,Afetivo,0.9,Positivo,0.88,False,True,False,,,affect_combo_fernanda,,,,,,,,,,,,,,,,,,,rule,,,,,,,,,,,,False
Fernanda_Torres,🏆🏆🏆🏆🇧🇷🇧🇷,1 Me gusta,1,2025-01-27 13:29:39+00:00,FERNANDA_TORRES_0539,🏆🏆🏆🏆🇧🇷🇧🇷,8,"['🇧🇷', '🏆']",[],70,,True,🏆🏆🏆🏆🇧🇷🇧🇷,True,False,False,False,False,False,0.88,Afetivo,0.9,Positivo,0.88,False,True,False,,,flag_trophy_fernanda,,,,,,,,,,,,,,,,,,,rule,,,,,,,,,,,,False
Fernanda_Torres,💙💙,2 Me gusta,2,2025-02-01 03:19:45+00:00,FERNANDA_TORRES_1769,💙💙,2,['💙'],[],75,,False,💙💙,True,False,False,False,False,False,0.86,Afetivo,0.9,Positivo,0.88,False,True,False,,,affect_combo_fernanda,,,,,,,,,,,,,,,,,,,rule,,,,,,,,,,,,False
Fernanda_Torres,👏👏👏👏🏆🇧🇷😍,1 Me gusta,1,2025-02-15 01:37:20+00:00,FERNANDA_TORRES_3154,👏👏👏👏🏆🇧🇷😍,8,"['🏆', '🇧🇷', '👏', '😍']",[],89,,True,👏👏👏👏🏆🇧🇷😍,True,False,False,False,False,False,0.88,Afetivo,0.9,Positivo,0.88,False,True,False,,,flag_trophy_fernanda,,,,,,,,,,,,,,,,,,,rule,,,,,,,,,,,,False
Fernanda_Torres,Merecedora demais! ❤️,4 Me gusta,4,2025-01-31 12:57:41+00:00,FERNANDA_TORRES_1478,merecedora demais! ❤️,21,['❤️'],[],74,pt,True,Merecedora demais! ❤️,True,False,False,False,False,False,0.92,Afetivo,0.95,Positivo,0.95,False,True,False,,,,True,False,False,False,False,False,Afetivo,Positivo,0.92,True,False,False,False,False,False,Afetivo,Positivo,0.92,llm_agreed,,,,,,,,,,,,False
Fernanda_Torres,❤️❤️❤️❤️❤️❤️,1 Me gusta,1,2025-02-15 01:56:59+00:00,FERNANDA_TORRES_3166,❤️❤️❤️❤️❤️❤️,12,['❤️'],[],89,,False,❤️❤️❤️❤️❤️❤️,True,False,False,False,False,False,0.86,Afetivo,0.9,Positivo,0.88,False,True,False,,,affect_heart_fernanda,,,,,,,,,,,,,,,,,,,rule,,,,,,,,,,,,False
Fernanda_Torres,❤️❤️❤️❤️🇧🇷🇧🇷🇧🇷🇧🇷🏆,2 Me gusta,2,2025-02-06 21:25:51+00:00,FERNANDA_TORRES_2511,❤️❤️❤️❤️🇧🇷🇧🇷🇧🇷🇧🇷🏆,17,"['🇧🇷', '🏆', '❤️']",[],80,,True,❤️❤️❤️❤️🇧🇷🇧🇷🇧🇷🇧🇷🏆,True,False,False,False,False,False,0.88,Afetivo,0.9,Positivo,0.88,False,True,False,,,flag_trophy_fernanda,,,,,,,,,,,,,,,,,,,rule,,,,,,,,,,,,False
Fernanda_Torres,👏🇧🇷,1 Me gusta,1,2025-02-15 02:34:09+00:00,FERNANDA_TORRES_3183,👏🇧🇷,3,"['🇧🇷', '👏']",[],89,,True,👏🇧🇷,True,False,False,False,False,False,0.86,Afetivo,0.88,Positivo,0.86,False,True,False,,,flag_mixed_fernanda,,,,,,,,,,,,,,,,,,,rule,,,,,,,,,,,,False
Fernanda_Torres,!,4 Me gusta,4,2025-11-30 05:36:04+00:00,FERNANDA_TORRES_6508,!,1,[],[],377,,False,!,True,False,False,False,False,False,0.85,Afetivo,0.75,Positivo,0.75,False,True,False,,,,True,False,False,False,False,False,Afetivo,Positivo,0.85,True,False,False,False,False,False,Afetivo,Positivo,0.8,llm_agreed,,,,,,,,,,,,False
Fernanda_Torres,🇧🇷🇧🇷🇧🇷❤️❤️❤️,3 Me gusta,3,2025-10-04 20:45:24+00:00,FERNANDA_TORRES_5736,🇧🇷🇧🇷🇧🇷❤️❤️❤️,12,"['🇧🇷', '❤️']",[],320,,True,🇧🇷🇧🇷🇧🇷❤️❤️❤️,True,False,False,False,False,False,0.86,Afetivo,0.88,Positivo,0.86,False,True,False,,,flag_mixed_fernanda,,,,,,,,,,,,,,,,,,,rule,,,,,,,,,,,,False
Fernanda_Torres,🇧🇷🇧🇷🇧🇷,0,0,2025-03-02 22:43:19+00:00,FERNANDA_TORRES_3945,🇧🇷🇧🇷🇧🇷,6,['🇧🇷'],[],104,,True,🇧🇷🇧🇷🇧🇷,True,False,False,False,False,False,0.86,Afetivo,0.88,Positivo,0.86,False,True,False,,,flag_only_fernanda,,,,,,,,,,,,,,,,,,,rule,,,,,,,,,,,,False
Fernanda_Torres,😍😍😍😍😍,1 Me gusta,1,2025-01-31 19:15:55+00:00,FERNANDA_TORRES_1559,😍😍😍😍😍,5,['😍'],[],74,,False,😍😍😍😍😍,True,False,False,False,False,False,0.86,Afetivo,0.9,Positivo,0.88,False,True,False,,,affect_combo_fernanda,,,,,,,,,,,,,,,,,,,rule,,,,,,,,,,,,False
Fernanda_Torres,Gloriosa🇧🇷🏆,0,0,2025-03-03 01:41:08+00:00,FERNANDA_TORRES_4259,gloriosa🇧🇷🏆,11,"['🇧🇷', '🏆']",[],105,es,True,Gloriosa🇧🇷🏆,True,False,False,False,False,False,0.92,Afetivo,0.95,Positivo,0.92,False,True,False,,,,True,False,False,False,False,False,Afetivo,Positivo,0.92,True,False,False,False,False,False,Afetivo,Positivo,0.92,llm_agreed,,,,,,,,,,,,False
Fernanda_Torres,❤️❤️✨,1 Me gusta,1,2025-02-20 13:43:33+00:00,FERNANDA_TORRES_3468,❤️❤️✨,5,"['❤️', '✨']",[],94,,False,❤️❤️✨,True,False,False,False,False,False,0.86,Afetivo,0.9,Positivo,0.88,False,True,False,,,affect_combo_fernanda,,,,,,,,,,,,,,,,,,,rule,,,,,,,,,,,,False
Fernanda_Torres,👏👏👏👏👏,0,0,2025-03-03 04:36:46+00:00,FERNANDA_TORRES_4533,👏👏👏👏👏,5,['👏'],[],105,,False,👏👏👏👏👏,True,False,False,False,False,False,0.86,Afetivo,0.9,Positivo,0.88,False,True,False,,,affect_clap_fernanda,,,,,,,,,,,,,,,,,,,rule,,,,,,,,,,,,False
Fernanda_Torres,Aqui é 🇧🇷🇧🇷🇧🇷🇧🇷,2 Me gusta,2,2025-10-04 21:27:51+00:00,FERNANDA_TORRES_5742,aqui é 🇧🇷🇧🇷🇧🇷🇧🇷,15,['🇧🇷'],[],320,fr,True,Aqui é 🇧🇷🇧🇷🇧🇷🇧🇷,True,False,False,False,False,False,0.95,Afetivo,0.9,Positivo,0.9,False,True,False,,,,True,False,False,False,False,False,Afetivo,Positivo,0.95,True,False,False,False,False,False,Afetivo,Positivo,0.92,llm_agreed,,,,,,,,,,,,False
Fernanda_Torres,❤️❤️❤️,2 Me gusta,2,2025-01-28 13:49:17+00:00,FERNANDA_TORRES_0813,❤️❤️❤️,6,['❤️'],[],71,,False,❤️❤️❤️,True,False,False,False,False,False,0.86,Afetivo,0.9,Positivo,0.88,False,True,False,,,affect_heart_fernanda,,,,,,,,,,,,,,,,,,,rule,,,,,,,,,,,,False
Fernanda_Torres,🇧🇷👏🙌,3 Me gusta,3,2025-02-02 14:40:30+00:00,FERNANDA_TORRES_2032,🇧🇷👏🙌,4,"['🙌', '🇧🇷', '👏']",[],76,,True,🇧🇷👏🙌,True,False,False,False,False,False,0.86,Afetivo,0.88,Positivo,0.86,False,True,False,,,flag_mixed_fernanda,,,,,,,,,,,,,,,,,,,rule,,,,,,,,,,,,False
Fernanda_Torres,🏆🇧🇷🏆🇧🇷🏆🏆✨✨✨✨🏆,2 Me gusta,2,2025-01-30 19:54:33+00:00,FERNANDA_TORRES_1353,🏆🇧🇷🏆🇧🇷🏆🏆✨✨✨✨🏆,13,"['🇧🇷', '🏆', '✨']",[],73,,True,🏆🇧🇷🏆🇧🇷🏆🏆✨✨✨✨🏆,True,False,False,False,False,False,0.88,Afetivo,0.9,Positivo,0.88,False,True,False,,,flag_trophy_fernanda,,,,,,,,,,,,,,,,,,,rule,,,,,,,,,,,,False
Fernanda_Torres,Deusa ❤️,1 Me gusta,1,2025-01-30 20:08:37+00:00,FERNANDA_TORRES_1355,deusa ❤️,8,['❤️'],[],73,,False,Deusa ❤️,True,False,False,False,False,False,0.92,Afetivo,0.95,Positivo,0.95,False,True,False,,,,True,False,False,False,False,False,Afetivo,Positivo,0.92,True,False,False,False,False,False,Afetivo,Positivo,0.92,llm_agreed,,,,,,,,,,,,False
Fernanda_Torres,🇧🇷🇧🇷❤️❤️,3 Me gusta,3,2025-10-05 11:12:28+00:00,FERNANDA_TORRES_5880,🇧🇷🇧🇷❤️❤️,8,"['🇧🇷', '❤️']",[],321,,True,🇧🇷🇧🇷❤️❤️,True,False,False,False,False,False,0.86,Afetivo,0.88,Positivo,0.86,False,True,False,,,flag_mixed_fernanda,,,,,,,,,,,,,,,,,,,rule,,,,,,,,,,,,False
Fernanda_Torres,🇧🇷❤️🇧🇷❤️🇧🇷❤️,2 Me gusta,2,2025-10-04 19:22:28+00:00,FERNANDA_TORRES_5710,🇧🇷❤️🇧🇷❤️🇧🇷❤️,12,"['🇧🇷', '❤️']",[],320,,True,🇧🇷❤️🇧🇷❤️🇧🇷❤️,True,False,False,False,False,False,0.86,Afetivo,0.88,Positivo,0.86,False,True,False,,,flag_mixed_fernanda,,,,,,,,,,,,,,,,,,,rule,,,,,,,,,,,,False
Fernanda_Torres,A MAIOR DE TODAS PARA SEMPRE ❤️,3 Me gusta,3,2025-11-17 19:37:12+00:00,FERNANDA_TORRES_6157,a maior de todas para sempre ❤️,31,['❤️'],[],364,pt,True,A MAIOR DE TODAS PARA SEMPRE ❤️,True,False,False,False,False,False,0.9,Afetivo,0.92,Positivo,0.9,False,False,True,1.0,0.5454545454545454,,True,False,False,False,False,False,Afetivo,Positivo,0.9,True,False,False,False,True,False,Afetivo,Positivo,0.85,llm_reviewer,,,,,,,,,,,,False
Fernanda_Torres,👏👏👏👏,1 Me gusta,1,2025-02-04 16:15:21+00:00,FERNANDA_TORRES_2304,👏👏👏👏,4,['👏'],[],78,,True,👏👏👏👏,True,False,False,False,False,False,0.86,Afetivo,0.9,Positivo,0.88,False,True,False,,,affect_clap_fernanda,,,,,,,,,,,,,,,,,,,rule,,,,,,,,,,,,False
Fernanda_Torres,Fernanda maravilhosa 🇧🇷🇧🇷🇧🇷🏆❤️❤️❤️❤️❤️❤️❤️,2 Me gusta,2,2025-02-13 17:21:03+00:00,FERNANDA_TORRES_2819,fernanda maravilhosa 🇧🇷🇧🇷🇧🇷🏆❤️❤️❤️❤️❤️❤️❤️,42,"['🇧🇷', '🏆', '❤️']",[],87,pt,True,Fernanda maravilhosa 🇧🇷🇧🇷🇧🇷🏆❤️❤️❤️❤️❤️❤️❤️,True,False,False,False,False,False,0.9,Afetivo,0.95,Positivo,0.95,False,False,True,0.5454545454545454,1.0,,True,False,False,False,True,False,Afetivo,Positivo,0.87,True,False,False,False,False,False,Afetivo,Positivo,0.92,llm_reviewer,,,,,,,,,,,,False
Fernanda_Torres,Perfeita,2 Me gusta,2,2025-01-31 01:57:21+00:00,FERNANDA_TORRES_1408,perfeita,8,[],[],74,,False,Perfeita,True,False,False,False,False,False,0.92,Afetivo,0.95,Positivo,0.95,False,True,False,,,,True,False,False,False,False,False,Afetivo,Positivo,0.92,True,False,False,False,False,False,Afetivo,Positivo,0.92,llm_agreed,,,,,,,,,,,,False
Fernanda_Torres,🇧🇷🇧🇷🇧🇷,2 Me gusta,2,2025-02-14 03:01:34+00:00,FERNANDA_TORRES_2869,🇧🇷🇧🇷🇧🇷,6,['🇧🇷'],[],88,,True,🇧🇷🇧🇷🇧🇷,True,False,False,False,False,False,0.86,Afetivo,0.88,Positivo,0.86,False,True,False,,,flag_only_fernanda,,,,,,,,,,,,,,,,,,,rule,,,,,,,,,,,,False
Fernanda_Torres,❤️❤️❤️🇧🇷🇧🇷🇧🇷🇧🇷,3 Me gusta,3,2025-02-01 02:32:31+00:00,FERNANDA_TORRES_1755,❤️❤️❤️🇧🇷🇧🇷🇧🇷🇧🇷,14,"['🇧🇷', '❤️']",[],75,,True,❤️❤️❤️🇧🇷🇧🇷🇧🇷🇧🇷,True,False,False,False,False,False,0.86,Afetivo,0.88,Positivo,0.86,False,True,False,,,flag_mixed_fernanda,,,,,,,,,,,,,,,,,,,rule,,,,,,,,,,,,False
Fernanda_Torres,😍😍😍,1 Me gusta,1,2025-01-31 20:24:34+00:00,FERNANDA_TORRES_1601,😍😍😍,3,['😍'],[],74,,False,😍😍😍,True,False,False,False,False,False,0.86,Afetivo,0.9,Positivo,0.88,False,True,False,,,affect_combo_fernanda,,,,,,,,,,,,,,,,,,,rule,,,,,,,,,,,,False
Fernanda_Torres,🇧🇷✨,1 Me gusta,1,2025-01-31 20:49:02+00:00,FERNANDA_TORRES_1617,🇧🇷✨,3,"['🇧🇷', '✨']",[],74,,True,🇧🇷✨,True,False,False,False,False,False,0.86,Afetivo,0.88,Positivo,0.86,False,True,False,,,flag_mixed_fernanda,,,,,,,,,,,,,,,,,,,rule,,,,,,,,,,,,False
Fernanda_Torres,Rainhaaaaaaa,0,0,2025-10-04 00:50:41+00:00,FERNANDA_TORRES_4865,rainhaaaaaaa,12,[],[],320,so,False,Rainhaaaaaaa,True,False,False,False,False,False,0.92,Afetivo,0.92,Positivo,0.92,False,True,False,,,,True,False,False,False,False,False,Afetivo,Positivo,0.92,True,False,False,False,False,False,Afetivo,Positivo,0.92,llm_agreed,,,,,,,,,,,,False
Fernanda_Torres,🇧🇷🇧🇷🇧🇷🇧🇷🇧🇷🇧🇷,1 Me gusta,1,2025-01-28 10:28:12+00:00,FERNANDA_TORRES_0756,🇧🇷🇧🇷🇧🇷🇧🇷🇧🇷🇧🇷,12,['🇧🇷'],[],71,,True,🇧🇷🇧🇷🇧🇷🇧🇷🇧🇷🇧🇷,True,False,False,False,False,False,0.86,Afetivo,0.88,Positivo,0.86,False,True,False,,,flag_only_fernanda,,,,,,,,,,,,,,,,,,,rule,,,,,,,,,,,,False
Fernanda_Torres,@oficialfernandatorres 🏆🇧🇷👏❤️,3 Me gusta,3,2025-02-02 18:09:11+00:00,FERNANDA_TORRES_2078,@oficialfernandatorres 🏆🇧🇷👏❤️,29,"['🇧🇷', '🏆', '👏', '❤️']",[],76,en,True,@user 🏆🇧🇷👏❤️,True,False,False,False,False,False,0.88,Afetivo,0.9,Positivo,0.88,False,True,False,,,flag_trophy_fernanda,,,,,,,,,,,,,,,,,,,rule,,,,,,,,,,,,False
Fernanda_Torres,🇧🇷🇧🇷🇧🇷🇧🇷🇧🇷,1 Me gusta,1,2025-10-04 18:47:47+00:00,FERNANDA_TORRES_5681,🇧🇷🇧🇷🇧🇷🇧🇷🇧🇷,10,['🇧🇷'],[],320,,True,🇧🇷🇧🇷🇧🇷🇧🇷🇧🇷,True,False,False,False,False,False,0.86,Afetivo,0.88,Positivo,0.86,False,True,False,,,flag_only_fernanda,,,,,,,,,,,,,,,,,,,rule,,,,,,,,,,,,False
Fernanda_Torres,Sextou e estamos cada dia mais perto da estatueta da @oficialfernandatorres ✨🏆🇧🇷❤️,2 Me gusta,2,2025-02-14 11:31:59+00:00,FERNANDA_TORRES_2896,sextou e estamos cada dia mais perto da estatueta da @oficialfernandatorres ✨🏆🇧🇷❤️,82,"['🇧🇷', '🏆', '❤️', '✨']",[],88,pt,True,Sextou e estamos cada dia mais perto da estatueta da @user ✨🏆🇧🇷❤️,True,False,False,False,False,False,0.92,Afetivo,0.9,Positivo,0.92,False,True,False,,,,True,False,False,False,False,False,Afetivo,Positivo,0.92,True,False,False,False,False,False,Afetivo,Positivo,0.92,llm_agreed,,,,,,,,,,,,False
Fernanda_Torres,🇧🇷🇧🇷🇧🇷🇧🇷👏👏👏👏,1 Me gusta,1,2025-10-04 18:47:58+00:00,FERNANDA_TORRES_5685,🇧🇷🇧🇷🇧🇷🇧🇷👏👏👏👏,12,"['🇧🇷', '👏']",[],320,,True,🇧🇷🇧🇷🇧🇷🇧🇷👏👏👏👏,True,False,False,False,False,False,0.86,Afetivo,0.88,Positivo,0.86,False,True,False,,,flag_mixed_fernanda,,,,,,,,,,,,,,,,,,,rule,,,,,,,,,,,,False
Fernanda_Torres,Bora pra cima 🇧🇷🇧🇷🏆,2 Me gusta,2,2025-01-28 02:39:42+00:00,FERNANDA_TORRES_0713,bora pra cima 🇧🇷🇧🇷🏆,19,"['🇧🇷', '🏆']",[],71,pt,True,Bora pra cima 🇧🇷🇧🇷🏆,True,False,False,False,False,False,0.92,Afetivo,0.92,Positivo,0.92,False,True,False,,,,True,False,False,False,False,False,Afetivo,Positivo,0.92,True,False,False,False,False,False,Afetivo,Positivo,0.92,llm_agreed,,,,,,,,,,,,False
Fernanda_Torres,❤️❤️❤️❤️❤️🏆🏆👏👏🇧🇷,1 Me gusta,1,2025-02-14 19:37:53+00:00,FERNANDA_TORRES_2943,❤️❤️❤️❤️❤️🏆🏆👏👏🇧🇷,16,"['🇧🇷', '🏆', '👏', '❤️']",[],88,,True,❤️❤️❤️❤️❤️🏆🏆👏👏🇧🇷,True,False,False,False,False,False,0.88,Afetivo,0.9,Positivo,0.88,False,True,False,,,flag_trophy_fernanda,,,,,,,,,,,,,,,,,,,rule,,,,,,,,,,,,False
Fernanda_Torres,👏👏👏👏the best!,2 Me gusta,2,2025-01-27 03:49:48+00:00,FERNANDA_TORRES_0504,👏👏👏👏the best!,13,['👏'],[],70,en,False,👏👏👏👏the best!,True,False,False,False,False,False,0.92,Afetivo,0.92,Positivo,0.92,False,True,False,,,,True,False,False,False,False,False,Afetivo,Positivo,0.92,True,False,False,False,False,False,Afetivo,Positivo,0.92,llm_agreed,,,,,,,,,,,,False
Fernanda_Torres,Maioral,1 Me gusta,1,2025-02-04 06:04:59+00:00,FERNANDA_TORRES_2252,maioral,7,[],[],78,,False,Maioral,True,False,False,False,False,False,0.88,Afetivo,0.88,Positivo,0.88,False,True,False,,,,True,False,False,False,False,False,Afetivo,Positivo,0.88,True,False,False,False,False,False,Afetivo,Positivo,0.92,llm_agreed,,,,,,,,,,,,False
Fernanda_Torres,Tão linda ❤️,6 Me gusta,6,2025-02-01 02:06:26+00:00,FERNANDA_TORRES_1748,tão linda ❤️,12,['❤️'],[],75,pt,True,Tão linda ❤️,True,False,False,False,False,False,0.9,Afetivo,0.95,Positivo,0.95,False,False,True,1.0,0.5454545454545454,,True,False,False,False,False,False,Afetivo,Positivo,0.95,True,False,False,False,True,False,Afetivo,Positivo,0.8,llm_reviewer,,,,,,,,,,,,False
Fernanda_Torres,🏆🏆🏆🏆🏆🏆,1 Me gusta,1,2025-02-20 16:08:23+00:00,FERNANDA_TORRES_3471,🏆🏆🏆🏆🏆🏆,6,['🏆'],[],94,,False,🏆🏆🏆🏆🏆🏆,True,False,False,False,False,False,0.86,Afetivo,0.9,Positivo,0.88,False,True,False,,,affect_combo_fernanda,,,,,,,,,,,,,,,,,,,rule,,,,,,,,,,,,False
Fernanda_Torres,❤️,1 Me gusta,1,2025-02-15 00:24:07+00:00,FERNANDA_TORRES_3066,❤️,2,['❤️'],[],89,,False,❤️,True,False,False,False,False,False,0.86,Afetivo,0.9,Positivo,0.88,False,True,False,,,affect_heart_fernanda,,,,,,,,,,,,,,,,,,,rule,,,,,,,,,,,,False
Fernanda_Torres,❤️❤️❤️❤️❤️❤️❤️❤️❤️❤️,1 Me gusta,1,2025-02-14 18:10:46+00:00,FERNANDA_TORRES_2930,❤️❤️❤️❤️❤️❤️❤️❤️❤️❤️,20,['❤️'],[],88,,False,❤️❤️❤️❤️❤️❤️❤️❤️❤️❤️,True,False,False,False,False,False,0.86,Afetivo,0.9,Positivo,0.88,False,True,False,,,affect_heart_fernanda,,,,,,,,,,,,,,,,,,,rule,,,,,,,,,,,,False
Fernanda_Torres,😍😍,2 Me gusta,2,2025-11-18 13:32:43+00:00,FERNANDA_TORRES_6231,😍😍,2,['😍'],[],365,,False,😍😍,True,False,False,False,False,False,0.86,Afetivo,0.9,Positivo,0.88,False,True,False,,,affect_combo_fernanda,,,,,,,,,,,,,,,,,,,rule,,,,,,,,,,,,False
Fernanda_Torres,🇧🇷❤️,2 Me gusta,2,2025-02-05 03:11:06+00:00,FERNANDA_TORRES_2367,🇧🇷❤️,4,"['🇧🇷', '❤️']",[],79,,True,🇧🇷❤️,True,False,False,False,False,False,0.86,Afetivo,0.88,Positivo,0.86,False,True,False,,,flag_mixed_fernanda,,,,,,,,,,,,,,,,,,,rule,,,,,,,,,,,,False
Fernanda_Torres,🇧🇷🏆,1 Me gusta,1,2025-01-29 15:31:16+00:00,FERNANDA_TORRES_1006,🇧🇷🏆,3,"['🇧🇷', '🏆']",[],72,,True,🇧🇷🏆,True,False,False,False,False,False,0.88,Afetivo,0.9,Positivo,0.88,False,True,False,,,flag_trophy_fernanda,,,,,,,,,,,,,,,,,,,rule,,,,,,,,,,,,False
Fernanda_Torres,❤️❤️❤️❤️,2 Me gusta,2,2025-01-30 00:34:53+00:00,FERNANDA_TORRES_1145,❤️❤️❤️❤️,8,['❤️'],[],73,,False,❤️❤️❤️❤️,True,False,False,False,False,False,0.86,Afetivo,0.9,Positivo,0.88,False,True,False,,,affect_heart_fernanda,,,,,,,,,,,,,,,,,,,rule,,,,,,,,,,,,False
Fernanda_Torres,👏👏,1 Me gusta,1,2025-02-17 12:40:32+00:00,FERNANDA_TORRES_3320,👏👏,2,['👏'],[],91,,False,👏👏,True,False,False,False,False,False,0.86,Afetivo,0.9,Positivo,0.88,False,True,False,,,affect_clap_fernanda,,,,,,,,,,,,,,,,,,,rule,,,,,,,,,,,,False
Fernanda_Torres,👏👏👏,0,0,2025-10-06 10:47:02+00:00,FERNANDA_TORRES_5949,👏👏👏,3,['👏'],[],322,,False,👏👏👏,True,False,False,False,False,False,0.86,Afetivo,0.9,Positivo,0.88,False,True,False,,,affect_clap_fernanda,,,,,,,,,,,,,,,,,,,rule,,,,,,,,,,,,False
Fernanda_Torres,🇧🇷❤️❤️🇧🇷❤️❤️🇧🇷,2 Me gusta,2,2025-11-21 00:55:07+00:00,FERNANDA_TORRES_6466,🇧🇷❤️❤️🇧🇷❤️❤️🇧🇷,14,"['🇧🇷', '❤️']",[],368,,True,🇧🇷❤️❤️🇧🇷❤️❤️🇧🇷,True,False,False,False,False,False,0.86,Afetivo,0.88,Positivo,0.86,False,True,False,,,flag_mixed_fernanda,,,,,,,,,,,,,,,,,,,rule,,,,,,,,,,,,False
Fernanda_Torres,Queen🇧🇷🏆,1 Me gusta,1,2025-02-17 12:10:05+00:00,FERNANDA_TORRES_3319,queen🇧🇷🏆,8,"['🇧🇷', '🏆']",[],91,,True,Queen🇧🇷🏆,True,False,False,False,False,False,0.9,Afetivo,0.92,Positivo,0.92,False,False,True,1.0,0.5454545454545454,,True,False,False,False,False,False,Afetivo,Positivo,0.92,True,False,False,False,True,False,Afetivo,Positivo,0.82,llm_reviewer,,,,,,,,,,,,False
Fernanda_Torres,Hello @oficialfernandatorres 🇧🇷,1 Me gusta,1,2025-02-14 13:12:30+00:00,FERNANDA_TORRES_2903,hello @oficialfernandatorres 🇧🇷,31,['🇧🇷'],[],88,en,True,Hello @user 🇧🇷,True,False,False,False,False,False,0.93,Afetivo,0.95,Positivo,0.95,False,False,True,1.0,0.5454545454545454,,True,False,False,False,False,False,Afetivo,Positivo,0.92,True,False,False,False,True,False,Afetivo,Positivo,0.9,llm_reviewer,,,,,,,,,,,,False
Fernanda_Torres,🇧🇷🇧🇷❤️,1 Me gusta,1,2025-01-27 22:33:03+00:00,FERNANDA_TORRES_0612,🇧🇷🇧🇷❤️,6,"['🇧🇷', '❤️']",[],70,,True,🇧🇷🇧🇷❤️,True,False,False,False,False,False,0.86,Afetivo,0.88,Positivo,0.86,False,True,False,,,flag_mixed_fernanda,,,,,,,,,,,,,,,,,,,rule,,,,,,,,,,,,False
Fernanda_Torres,🔥❤️🇧🇷🇧🇷🇧🇷,1 Me gusta,1,2025-02-19 14:36:52+00:00,FERNANDA_TORRES_3429,🔥❤️🇧🇷🇧🇷🇧🇷,9,"['🔥', '🇧🇷', '❤️']",[],93,,True,🔥❤️🇧🇷🇧🇷🇧🇷,True,False,False,False,False,False,0.86,Afetivo,0.88,Positivo,0.86,False,True,False,,,flag_mixed_fernanda,,,,,,,,,,,,,,,,,,,rule,,,,,,,,,,,,False
Fernanda_Torres,E ELAAA E ELAAAA 🇧🇷,1 Me gusta,1,2025-01-26 15:33:24+00:00,FERNANDA_TORRES_0325,e elaaa e elaaaa 🇧🇷,19,['🇧🇷'],[],69,so,True,E ELAAA E ELAAAA 🇧🇷,True,False,False,False,False,False,0.92,Afetivo,0.9,Positivo,0.9,False,True,False,,,,True,False,False,False,False,False,Afetivo,Positivo,0.92,True,False,False,False,False,False,Afetivo,Positivo,0.9,llm_agreed,,,,,,,,,,,,False
Fernanda_Torres,😍😍😍🏆mami 🇧🇷,1 Me gusta,1,2025-02-02 11:04:10+00:00,FERNANDA_TORRES_2021,😍😍😍🏆mami 🇧🇷,11,"['😍', '🏆', '🇧🇷']",[],76,et,True,😍😍😍🏆mami 🇧🇷,True,False,False,True,False,False,0.9,Afetivo,0.92,Positivo,0.95,True,False,True,0.5454545454545454,0.16666666666666663,,True,False,False,False,False,False,Afetivo,Positivo,0.92,True,False,False,False,True,False,Afetivo,Positivo,0.82,llm_reviewer,,,,,,,,,,,,False
Fernanda_Torres,🇧🇷👏👏🏆,1 Me gusta,1,2025-02-15 02:12:50+00:00,FERNANDA_TORRES_3173,🇧🇷👏👏🏆,5,"['🏆', '🇧🇷', '👏']",[],89,,True,🇧🇷👏👏🏆,True,False,False,False,False,False,0.88,Afetivo,0.9,Positivo,0.88,False,True,False,,,flag_trophy_fernanda,,,,,,,,,,,,,,,,,,,rule,,,,,,,,,,,,False
Fernanda_Torres,The number one 🇧🇷,1 Me gusta,1,2025-01-30 02:10:53+00:00,FERNANDA_TORRES_1177,the number one 🇧🇷,17,['🇧🇷'],[],73,en,True,The number one 🇧🇷,True,False,False,False,False,False,0.92,Afetivo,0.92,Positivo,0.92,False,True,False,,,,True,False,False,False,False,False,Afetivo,Positivo,0.92,True,False,False,False,False,False,Afetivo,Positivo,0.92,llm_agreed,,,,,,,,,,,,False
Fernanda_Torres,Winner ❤️🏆,1 Me gusta,1,2025-01-25 16:04:39+00:00,FERNANDA_TORRES_0062,winner ❤️🏆,10,"['🏆', '❤️']",[],68,de,False,Winner ❤️🏆,True,False,False,False,False,False,0.92,Afetivo,0.92,Positivo,0.92,False,True,False,,,,True,False,False,False,False,False,Afetivo,Positivo,0.92,True,False,False,False,False,False,Afetivo,Positivo,0.92,llm_agreed,,,,,,,,,,,,False
Fernanda_Torres,OSCAR WINNER🏆🏆🏆,1 Me gusta,1,2025-02-13 17:03:46+00:00,FERNANDA_TORRES_2816,oscar winner🏆🏆🏆,15,['🏆'],[],87,en,False,OSCAR WINNER🏆🏆🏆,True,False,False,False,False,False,0.92,Afetivo,0.95,Positivo,0.95,False,True,False,,,,True,False,False,False,False,False,Afetivo,Positivo,0.92,True,False,False,False,False,False,Afetivo,Positivo,0.92,llm_agreed,,,,,,,,,,,,False
Fernanda_Torres,🙌🙌🙌🙌🙌🙌🏆🏆🏆🏆🏆🏆🏆✨✨✨✨✨✨,2 Me gusta,2,2025-02-15 01:00:55+00:00,FERNANDA_TORRES_3091,🙌🙌🙌🙌🙌🙌🏆🏆🏆🏆🏆🏆🏆✨✨✨✨✨✨,19,"['🙌', '🏆', '✨']",[],89,,False,🙌🙌🙌🙌🙌🙌🏆🏆🏆🏆🏆🏆🏆✨✨✨✨✨✨,True,False,False,False,False,False,0.86,Afetivo,0.9,Positivo,0.88,False,True,False,,,affect_combo_fernanda,,,,,,,,,,,,,,,,,,,rule,,,,,,,,,,,,False
Fernanda_Torres,❤️❤️❤️,1 Me gusta,1,2025-10-04 16:51:55+00:00,FERNANDA_TORRES_5634,❤️❤️❤️,6,['❤️'],[],320,,False,❤️❤️❤️,True,False,False,False,False,False,0.86,Afetivo,0.9,Positivo,0.88,False,True,False,,,affect_heart_fernanda,,,,,,,,,,,,,,,,,,,rule,,,,,,,,,,,,False
Fernanda_Torres,🇧🇷❤️❤️❤️🏆,1 Me gusta,1,2025-02-14 22:17:07+00:00,FERNANDA_TORRES_3008,🇧🇷❤️❤️❤️🏆,9,"['🇧🇷', '🏆', '❤️']",[],88,,True,🇧🇷❤️❤️❤️🏆,True,False,False,False,False,False,0.88,Afetivo,0.9,Positivo,0.88,False,True,False,,,flag_trophy_fernanda,,,,,,,,,,,,,,,,,,,rule,,,,,,,,,,,,False
Fernanda_Torres,🇧🇷👏,4 Me gusta,4,2025-01-24 15:07:05+00:00,FERNANDA_TORRES_0032,🇧🇷👏,3,"['🇧🇷', '👏']",[],67,,True,🇧🇷👏,True,False,False,False,False,False,0.86,Afetivo,0.88,Positivo,0.86,False,True,False,,,flag_mixed_fernanda,,,,,,,,,,,,,,,,,,,rule,,,,,,,,,,,,False
Fernanda_Torres,"Surreal🇧🇷, bora bate o do Walter👏❤️",6 Me gusta,6,2025-11-18 18:03:48+00:00,FERNANDA_TORRES_6262,"surreal🇧🇷, bora bate o do walter👏❤️",35,"['🇧🇷', '👏', '❤️']",[],365,en,True,"Surreal🇧🇷, bora bate o do Walter👏❤️",True,False,True,False,True,False,0.88,Afetivo,0.9,Positivo,0.92,True,False,True,0.16666666666666663,0.6153846153846154,,True,False,False,True,True,False,Afetivo,Positivo,0.87,True,False,True,False,False,False,Afetivo,Positivo,0.75,llm_reviewer,,,,,,,,,,,,False
Fernanda_Torres,Mês que vem é a vez do Wagner Moura 😍,4 Me gusta,4,2025-10-04 12:44:05+00:00,FERNANDA_TORRES_5457,mês que vem é a vez do wagner moura 😍,37,['😍'],[],320,pt,True,Mês que vem é a vez do Wagner Moura 😍,True,False,False,False,False,False,0.9,Afetivo,0.9,Positivo,0.95,False,False,True,1.0,0.5454545454545454,,True,False,False,False,False,False,Afetivo,Positivo,0.85,True,False,False,False,True,False,Afetivo,Positivo,0.85,llm_reviewer,,,,,,,,,,,,False
Fernanda_Torres,❤️❤️❤️,0,0,2025-03-03 01:20:31+00:00,FERNANDA_TORRES_4215,❤️❤️❤️,6,['❤️'],[],105,,True,❤️❤️❤️,True,False,False,False,False,False,0.86,Afetivo,0.9,Positivo,0.88,False,True,False,,,affect_heart_fernanda,,,,,,,,,,,,,,,,,,,rule,,,,,,,,,,,,False
Fernanda_Torres,Maravilhosa 🇧🇷🏆🏆🇧🇷🇧🇷🏆🇧🇷,1 Me gusta,1,2025-01-31 21:00:51+00:00,FERNANDA_TORRES_1624,maravilhosa 🇧🇷🏆🏆🇧🇷🇧🇷🏆🇧🇷,23,"['🇧🇷', '🏆']",[],74,pt,True,Maravilhosa 🇧🇷🏆🏆🇧🇷🇧🇷🏆🇧🇷,True,False,False,False,False,False,0.95,Afetivo,0.95,Positivo,0.95,False,False,True,1.0,0.5454545454545454,,True,False,False,False,False,False,Afetivo,Positivo,0.92,True,False,False,False,True,False,Afetivo,Positivo,0.92,llm_reviewer,,,,,,,,,,,,False
Fernanda_Torres,🇧🇷🇧🇷🇧🇷,2 Me gusta,2,2025-02-13 23:09:25+00:00,FERNANDA_TORRES_2843,🇧🇷🇧🇷🇧🇷,6,['🇧🇷'],[],87,,True,🇧🇷🇧🇷🇧🇷,True,False,False,False,False,False,0.86,Afetivo,0.88,Positivo,0.86,False,True,False,,,flag_only_fernanda,,,,,,,,,,,,,,,,,,,rule,,,,,,,,,,,,False
Fernanda_Torres,🇧🇷,0,0,2025-02-27 19:51:11+00:00,FERNANDA_TORRES_3721,🇧🇷,2,['🇧🇷'],[],101,,True,🇧🇷,True,False,False,False,False,False,0.86,Afetivo,0.88,Positivo,0.86,False,True,False,,,flag_only_fernanda,,,,,,,,,,,,,,,,,,,rule,,,,,,,,,,,,False
Fernanda_Torres,Maravilhosa 😍😍😍,2 Me gusta,2,2025-01-29 23:22:27+00:00,FERNANDA_TORRES_1116,maravilhosa 😍😍😍,15,['😍'],[],72,pt,True,Maravilhosa 😍😍😍,True,False,False,False,False,False,0.95,Afetivo,0.95,Positivo,0.95,False,True,False,,,,True,False,False,False,False,False,Afetivo,Positivo,0.95,True,False,False,False,False,False,Afetivo,Positivo,0.92,llm_agreed,,,,,,,,,,,,False
Fernanda_Torres,Furacão Tropical Fernanda Torres 🇧🇷🇧🇷🇧🇷🇧🇷🇧🇷🇧🇷🇧🇷,3 Me gusta,3,2025-02-17 02:03:58+00:00,FERNANDA_TORRES_3300,furacão tropical fernanda torres 🇧🇷🇧🇷🇧🇷🇧🇷🇧🇷🇧🇷🇧🇷,47,['🇧🇷'],[],91,pt,True,Furacão Tropical Fernanda Torres 🇧🇷🇧🇷🇧🇷🇧🇷🇧🇷🇧🇷🇧🇷,True,False,False,False,True,False,0.85,Afetivo,0.9,Positivo,0.9,False,True,False,,,,True,False,False,False,True,False,Afetivo,Positivo,0.85,True,False,False,False,True,False,Afetivo,Positivo,0.9,llm_agreed,,,,,,,,,,,,False
Fernanda_Torres,🇧🇷🇧🇷🇧🇷🇧🇷🇧🇷🇧🇷🇧🇷,2 Me gusta,2,2025-01-24 14:40:10+00:00,FERNANDA_TORRES_0018,🇧🇷🇧🇷🇧🇷🇧🇷🇧🇷🇧🇷🇧🇷,14,['🇧🇷'],[],67,,True,🇧🇷🇧🇷🇧🇷🇧🇷🇧🇷🇧🇷🇧🇷,True,False,False,False,False,False,0.86,Afetivo,0.88,Positivo,0.86,False,True,False,,,flag_only_fernanda,,,,,,,,,,,,,,,,,,,rule,,,,,,,,,,,,False
